<?xml version="1.0" encoding="UTF-8"?>

<Bundle xmlns="http://hl7.org/fhir">
  <id value="A-D1-P-C1"/>
  <meta>
    <profile value="http://fhir.ch/ig/ch-vacd/StructureDefinition/ch-vacd-document-immunization-administration"/>
  </meta>
  <identifier>
    <system value="urn:ietf:rfc:3986"/>
    <value value="urn:uuid:b505b90a-f241-41ca-859a-b55a6103e753"/>
  </identifier>
  <type value="document"/>
  <timestamp value="2021-06-01T00:00:00.390+02:00"/>
  <entry>
    <fullUrl value="http://test.fhir.ch/r4/Composition/A-D1-P-C1-Composition"/>
    <resource>
      <Composition>
        <id value="A-D1-P-C1-Composition"/>
        <meta>
          <profile value="http://fhir.ch/ig/ch-vacd/StructureDefinition/ch-vacd-composition-immunization-administration"/>
        </meta>
        <language value="en-US"/>
        <text>
          <status value="generated"/><div xmlns="http://www.w3.org/1999/xhtml" xml:lang="en-US" lang="en-US"><h3>Immunization Administration</h3><p><b>Id: </b>A-D1-P-C1-Composition</p><p><b>Identifier: </b><span>urn:ietf:rfc:3986#urn:uuid:b505b90a-f241-41ca-859a-b55a6103e753</span></p><p><b>Status: </b>Final</p><p><b>Code: </b><span>Immunization record (http://snomed.info/sct#41000179103)</span></p><p><b>Patient: </b><a href="Patient-TC-patient.html">Patient/TC-patient</a> Wegmueller Monika</p><p><b>Date: </b>June 1, 2021</p><p><b>Authors:</b></p><table><tr><td><p><a href="Patient-TC-patient.html">Patient/TC-patient</a> Wegmueller Monika</p></td></tr></table><p><b>Confidentiality: </b>null<span> Normal (qualifier value) (http://snomed.info/sct#17621005)</span></p><p><b>Sections:</b></p><table><tr><td>Immunization Administration</td></tr></table></div>
        </text>
        <identifier>
          <system value="urn:ietf:rfc:3986"/>
          <value value="urn:uuid:b505b90a-f241-41ca-859a-b55a6103e753"/>
        </identifier>
        <status value="final"/>
        <type>
          <coding>
            <system value="http://snomed.info/sct"/>
            <code value="41000179103"/>
            <display value="Immunization record"/>
          </coding>
        </type>
        <category>
          <coding>
            <system value="urn:oid:2.16.756.5.30.1.127.3.10.10"/>
            <code value="urn:che:epr:ch-vacd:immunization-administration:2022"/>
          </coding>
        </category>
        <subject>
          <reference value="Patient/TC-patient"/>
        </subject>
        <date value="2021-06-01T00:00:00+02:00"/>
        <author>
          <reference value="Patient/TC-patient"/>
        </author>
        <title value="Immunization Administration"/>
        <confidentiality value="N">
          <extension url="http://fhir.ch/ig/ch-core/StructureDefinition/ch-ext-epr-confidentialitycode">
            <valueCodeableConcept>
              <coding>
                <system value="http://snomed.info/sct"/>
                <code value="17621005"/>
                <display value="Normal (qualifier value)"/>
              </coding>
            </valueCodeableConcept>
          </extension>
        </confidentiality>
        <custodian>
          <reference value="Organization/TC-ORG1"/>
        </custodian>
        <section id="administration">
          <title value="Immunization Administration"/>
          <code>
            <coding>
              <system value="http://loinc.org"/>
              <code value="11369-6"/>
              <display value="Hx of Immunization"/>
            </coding>
          </code>
          <text>
            <status value="generated"/><div xmlns="http://www.w3.org/1999/xhtml" xml:lang="en-US" lang="en-US"><p><b>Code: </b><span>Hx of Immunization (http://loinc.org#11369-6)</span></p><p><b>Entries:</b></p><table><tr><td><a href="Immunization-TCA01-IMMUN1-patient.html">Immunization/TCA01-IMMUN1-patient</a></td></tr></table></div>
          </text>
          <entry>
            <reference value="Immunization/TCA01-IMMUN1-patient"/>
          </entry>
        </section>
      </Composition>
    </resource>
  </entry>
  <entry>
    <fullUrl value="http://test.fhir.ch/r4/Patient/TC-patient"/>
    <resource>
      <Patient>
        <id value="TC-patient"/>
        <meta>
          <profile value="http://fhir.ch/ig/ch-core/StructureDefinition/ch-core-patient-epr"/>
        </meta>
        <text>
          <status value="generated"/><div xmlns="http://www.w3.org/1999/xhtml"><a name="Patient_TC-patient"> </a><p class="res-header-id"><b>Generated Narrative: Patient TC-patient</b></p><a name="TC-patient"> </a><a name="hcTC-patient"> </a><a name="TC-patient-en-US"> </a><div style="display: inline-block; background-color: #d9e0e7; padding: 6px; margin: 4px; border: 1px solid #8da1b4; border-radius: 5px; line-height: 60%"><p style="margin-bottom: 0px"/><p style="margin-bottom: 0px">Profile: <a href="https://build.fhir.org/ig/hl7ch/ch-core/StructureDefinition-ch-core-patient-epr.html">CH Core Patient EPR</a></p></div><p style="border: 1px #661aff solid; background-color: #e6e6ff; padding: 10px;">Monika Wegmueller  Female, DoB: 1967-02-10 ( Medical record number)</p><hr/><table class="grid"><tr><td style="background-color: #f3f5da" title="Ways to contact the Patient">Contact Detail</td><td colspan="3"><ul><li>ph: tel:+41.32.685.12.34(Home)</li><li>Leidensweg 10 Specimendorf 9876 CH </li></ul></td></tr></table></div>
        </text>
        <identifier>
          <type>
            <coding>
              <system value="http://terminology.hl7.org/CodeSystem/v2-0203"/>
              <code value="MR"/>
            </coding>
          </type>
          <system value="urn:oid:1.2.3.4"/>
          <value value="12345678"/>
        </identifier>
        <name>
          <family value="Wegmueller"/>
          <given value="Monika"/>
        </name>
        <telecom>
          <system value="phone"/>
          <value value="tel:+41.32.685.12.34"/>
          <use value="home"/>
        </telecom>
        <gender value="female"/>
        <birthDate value="1967-02-10"/>
        <address>
          <type value="both"/>
          <line value="Leidensweg 10"/>
          <city value="Specimendorf"/>
          <postalCode value="9876"/>
          <country value="CH"/>
        </address>
      </Patient>
    </resource>
  </entry>
  <entry>
    <fullUrl value="http://test.fhir.ch/r4/Practitioner/TC-HCP1-C1"/>
    <resource>
      <Practitioner>
        <id value="TC-HCP1-C1"/>
        <meta>
          <profile value="http://fhir.ch/ig/ch-core/StructureDefinition/ch-core-practitioner-epr"/>
        </meta>
        <text>
          <status value="generated"/><div xmlns="http://www.w3.org/1999/xhtml"><a name="Practitioner_TC-HCP1-C1"> </a><p class="res-header-id"><b>Generated Narrative: Practitioner TC-HCP1-C1</b></p><a name="TC-HCP1-C1"> </a><a name="hcTC-HCP1-C1"> </a><a name="TC-HCP1-C1-en-US"> </a><div style="display: inline-block; background-color: #d9e0e7; padding: 6px; margin: 4px; border: 1px solid #8da1b4; border-radius: 5px; line-height: 60%"><p style="margin-bottom: 0px"/><p style="margin-bottom: 0px">Profile: <a href="https://build.fhir.org/ig/hl7ch/ch-core/StructureDefinition-ch-core-practitioner-epr.html">CH Core Practitioner EPR</a></p></div><p><b>identifier</b>: <a href="https://www.gs1.org/standards/id-keys/gln" title="Global Location Number">GLN</a>/7601888888884</p><p><b>active</b>: true</p><p><b>name</b>: Peter Müller </p><p><b>telecom</b>: ph: tel:+41.32.234.55.66(Work), fax: fax:+41.32.234.55.67(Work), <a href="mailto:mailto:allzeit.bereit@gruppenpraxis.ch">mailto:allzeit.bereit@gruppenpraxis.ch</a>, <a href="http://www.gruppenpraxis.ch">http://www.gruppenpraxis.ch</a></p><p><b>address</b>: Grabenstrasse 2 Zürich 8005 CH </p></div>
        </text>
        <identifier>
          <system value="urn:oid:2.51.1.3"/>
          <value value="7601888888884"/>
        </identifier>
        <active value="true"/>
        <name>
          <family value="Müller"/>
          <given value="Peter"/>
          <prefix value="Dr. med."/>
        </name>
        <telecom>
          <system value="phone"/>
          <value value="tel:+41.32.234.55.66"/>
          <use value="work"/>
        </telecom>
        <telecom>
          <system value="fax"/>
          <value value="fax:+41.32.234.55.67"/>
          <use value="work"/>
        </telecom>
        <telecom>
          <system value="email"/>
          <value value="mailto:allzeit.bereit@gruppenpraxis.ch"/>
          <use value="work"/>
        </telecom>
        <telecom>
          <system value="url"/>
          <value value="http://www.gruppenpraxis.ch"/>
          <use value="work"/>
        </telecom>
        <address>
          <type value="physical"/>
          <line value="Grabenstrasse 2"/>
          <city value="Zürich"/>
          <postalCode value="8005"/>
          <country value="CH"/>
        </address>
      </Practitioner>
    </resource>
  </entry>
  <entry>
    <fullUrl value="http://test.fhir.ch/r4/Organization/TC-ORG1"/>
    <resource>
      <Organization>
        <id value="TC-ORG1"/>
        <meta>
          <profile value="http://fhir.ch/ig/ch-core/StructureDefinition/ch-core-organization-epr"/>
        </meta>
        <text>
          <status value="generated"/><div xmlns="http://www.w3.org/1999/xhtml"><a name="Organization_TC-ORG1"> </a><p class="res-header-id"><b>Generated Narrative: Organization TC-ORG1</b></p><a name="TC-ORG1"> </a><a name="hcTC-ORG1"> </a><a name="TC-ORG1-en-US"> </a><div style="display: inline-block; background-color: #d9e0e7; padding: 6px; margin: 4px; border: 1px solid #8da1b4; border-radius: 5px; line-height: 60%"><p style="margin-bottom: 0px"/><p style="margin-bottom: 0px">Profile: <a href="https://build.fhir.org/ig/hl7ch/ch-core/StructureDefinition-ch-core-organization-epr.html">CH Core Organization EPR</a></p></div><p><b>identifier</b>: <a href="https://www.gs1.org/standards/id-keys/gln" title="Global Location Number">GLN</a>/7601777777718</p><p><b>name</b>: Gruppenpraxis Müller</p><p><b>telecom</b>: ph: tel:+41.32.234.55.66(Work), fax: fax:+41.32.234.55.67(Work), <a href="mailto:mailto:bereit@gruppenpraxis.ch">mailto:bereit@gruppenpraxis.ch</a>, <a href="http://www.gruppenpraxis.ch">http://www.gruppenpraxis.ch</a></p><p><b>address</b>: Grabenstrasse 2 Zürich ZH 8005 CH </p></div>
        </text>
        <identifier>
          <system value="urn:oid:2.51.1.3"/>
          <value value="7601777777718"/>
        </identifier>
        <name value="Gruppenpraxis Müller"/>
        <telecom>
          <system value="phone"/>
          <value value="tel:+41.32.234.55.66"/>
          <use value="work"/>
        </telecom>
        <telecom>
          <system value="fax"/>
          <value value="fax:+41.32.234.55.67"/>
          <use value="work"/>
        </telecom>
        <telecom>
          <system value="email"/>
          <value value="mailto:bereit@gruppenpraxis.ch"/>
          <use value="work"/>
        </telecom>
        <telecom>
          <system value="url"/>
          <value value="http://www.gruppenpraxis.ch"/>
          <use value="work"/>
        </telecom>
        <address>
          <line value="Grabenstrasse 2"/>
          <city value="Zürich"/>
          <state value="ZH"/>
          <postalCode value="8005"/>
          <country value="CH"/>
        </address>
      </Organization>
    </resource>
  </entry>
  <entry>
    <fullUrl value="http://test.fhir.ch/r4/PractitionerRole/TC-HCP1-ORG1-ROLE-performer"/>
    <resource>
      <PractitionerRole>
        <id value="TC-HCP1-ORG1-ROLE-performer"/>
        <meta>
          <profile value="http://fhir.ch/ig/ch-core/StructureDefinition/ch-core-practitionerrole-epr"/>
        </meta>
        <text>
          <status value="generated"/><div xmlns="http://www.w3.org/1999/xhtml"><a name="PractitionerRole_TC-HCP1-ORG1-ROLE-performer"> </a><p class="res-header-id"><b>Generated Narrative: PractitionerRole TC-HCP1-ORG1-ROLE-performer</b></p><a name="TC-HCP1-ORG1-ROLE-performer"> </a><a name="hcTC-HCP1-ORG1-ROLE-performer"> </a><a name="TC-HCP1-ORG1-ROLE-performer-en-US"> </a><div style="display: inline-block; background-color: #d9e0e7; padding: 6px; margin: 4px; border: 1px solid #8da1b4; border-radius: 5px; line-height: 60%"><p style="margin-bottom: 0px"/><p style="margin-bottom: 0px">Profile: <a href="https://build.fhir.org/ig/hl7ch/ch-core/StructureDefinition-ch-core-practitionerrole-epr.html">CH Core PractitionerRole EPR</a></p></div><p><b>active</b>: true</p><p><b>practitioner</b>: <a href="Practitioner-TC-HCP1-C1.html">Practitioner Peter Müller </a></p><p><b>organization</b>: <a href="Organization-TC-ORG1.html">Organization Gruppenpraxis Müller</a></p></div>
        </text>
        <active value="true"/>
        <practitioner>
          <reference value="Practitioner/TC-HCP1-C1"/>
        </practitioner>
        <organization>
          <reference value="Organization/TC-ORG1"/>
        </organization>
      </PractitionerRole>
    </resource>
  </entry>
  <entry>
    <fullUrl value="http://test.fhir.ch/r4/Immunization/TCA01-IMMUN1-patient"/>
    <resource>
      <Immunization>
        <id value="TCA01-IMMUN1-patient"/>
        <meta>
          <profile value="http://fhir.ch/ig/ch-vacd/StructureDefinition/ch-vacd-immunization"/>
        </meta>
        <text>
          <status value="extensions"/><div xmlns="http://www.w3.org/1999/xhtml"><a name="Immunization_TCA01-IMMUN1-patient"> </a><p class="res-header-id"><b>Generated Narrative: Immunization TCA01-IMMUN1-patient</b></p><a name="TCA01-IMMUN1-patient"> </a><a name="hcTCA01-IMMUN1-patient"> </a><a name="TCA01-IMMUN1-patient-en-US"> </a><div style="display: inline-block; background-color: #d9e0e7; padding: 6px; margin: 4px; border: 1px solid #8da1b4; border-radius: 5px; line-height: 60%"><p style="margin-bottom: 0px"/><p style="margin-bottom: 0px">Profile: <a href="StructureDefinition-ch-vacd-immunization.html">CH VACD Immunization</a></p></div><p><b>Author of the content</b>: <a href="Patient-TC-patient.html">Monika Wegmueller  Female, DoB: 1967-02-10 ( Medical record number)</a></p><p><b>CH VACD Extension Immunization Medication Reference</b>: <a href="Medication-TC-IMMUN-MEDIC-HAVRIX1440.html">Medication HAVRIX 1440 Inj Susp</a></p><p><b>CH VACD Extension verificationStatus</b>: <a href="http://snomed.info/id/76104008">SNOMED CT 76104008</a>: Not confirmed</p><p><b>identifier</b>: <code>urn:oid:2.16.756.5.30.1.402.1.3.1.1.1</code>/acc1f090-5e0c-45ae-b283-521d57c3aa2f</p><p><b>status</b>: Completed</p><p><b>vaccineCode</b>: <span title="Codes:{http://fhir.ch/ig/ch-vacd/CodeSystem/ch-vacd-swissmedic-cs 558}">Havrix 1440</span></p><p><b>patient</b>: <a href="Patient-TC-patient.html">Monika Wegmueller  Female, DoB: 1967-02-10 ( Medical record number)</a></p><p><b>occurrence</b>: 2021-06-01</p><p><b>recorded</b>: 2021-06-02 00:00:00+0200</p><p><b>lotNumber</b>: AHAVB946A</p><p><b>route</b>: <span title="Codes:{http://standardterms.edqm.eu 20035000}">Intramuscular use</span></p><h3>Performers</h3><table class="grid"><tr><td style="display: none">-</td><td><b>Actor</b></td></tr><tr><td style="display: none">*</td><td><a href="PractitionerRole-TC-HCP1-ORG1-ROLE-performer.html">PractitionerRole</a></td></tr></table><p><b>note</b>: Der Patient hat diese Impfung ohne jegliche Nebenwirkungen gut vertragen. (By Practitioner/TC-HCP1-C1 @2021-06-01)</p><h3>ProtocolApplieds</h3><table class="grid"><tr><td style="display: none">-</td><td><b>TargetDisease</b></td><td><b>DoseNumber[x]</b></td></tr><tr><td style="display: none">*</td><td><span title="Codes:{http://snomed.info/sct 40468003}">Viral hepatitis, type A (disorder)</span></td><td>1</td></tr></table></div>
        </text>
        <extension url="http://fhir.ch/ig/ch-core/StructureDefinition/ch-ext-author">
          <valueReference>
            <reference value="Patient/TC-patient"/>
          </valueReference>
        </extension>
        <extension url="http://fhir.ch/ig/ch-vacd/StructureDefinition/ch-vacd-ext-immunization-medication-reference">
          <valueReference>
            <reference value="Medication/TC-IMMUN-MEDIC-HAVRIX1440"/>
          </valueReference>
        </extension>
        <extension url="http://fhir.ch/ig/ch-vacd/StructureDefinition/ch-vacd-ext-verification-status">
          <valueCoding>
            <system value="http://snomed.info/sct"/>
            <code value="76104008"/>
            <display value="Not confirmed"/>
          </valueCoding>
        </extension>
        <identifier>
          <system value="urn:oid:2.16.756.5.30.1.402.1.3.1.1.1"/>
          <value value="acc1f090-5e0c-45ae-b283-521d57c3aa2f"/>
        </identifier>
        <status value="completed"/>
        <vaccineCode>
          <coding>
            <system value="http://fhir.ch/ig/ch-vacd/CodeSystem/ch-vacd-swissmedic-cs"/>
            <code value="558"/>
            <display value="Havrix 1440"/>
          </coding>
        </vaccineCode>
        <patient>
          <reference value="Patient/TC-patient"/>
        </patient>
        <occurrenceDateTime value="2021-06-01"/>
        <recorded value="2021-06-02T00:00:00.390+02:00"/>
        <lotNumber value="AHAVB946A"/>
        <route>
          <coding>
            <system value="http://standardterms.edqm.eu"/>
            <code value="20035000"/>
            <display value="Intramuscular use"/>
          </coding>
        </route>
        <performer>
          <actor>
            <reference value="PractitionerRole/TC-HCP1-ORG1-ROLE-performer"/>
          </actor>
        </performer>
        <note>
          <authorReference>
            <reference value="Practitioner/TC-HCP1-C1"/>
          </authorReference>
          <time value="2021-06-01"/>
          <text value="Der Patient hat diese Impfung ohne jegliche Nebenwirkungen gut vertragen."/>
        </note>
        <protocolApplied>
          <targetDisease>
            <coding>
              <system value="http://snomed.info/sct"/>
              <code value="40468003"/>
              <display value="Viral hepatitis, type A (disorder)"/>
            </coding>
          </targetDisease>
          <doseNumberPositiveInt value="1"/>
        </protocolApplied>
      </Immunization>
    </resource>
  </entry>
  <entry>
    <fullUrl value="http://test.fhir.ch/r4/Medication/TC-IMMUN-MEDIC-HAVRIX1440"/>
    <resource>
      <Medication>
        <id value="TC-IMMUN-MEDIC-HAVRIX1440"/>
        <meta>
          <profile value="http://fhir.ch/ig/ch-vacd/StructureDefinition/ch-vacd-medication-for-immunization"/>
        </meta>
        <text>
          <status value="generated"/><div xmlns="http://www.w3.org/1999/xhtml"><a name="Medication_TC-IMMUN-MEDIC-HAVRIX1440"> </a><p class="res-header-id"><b>Generated Narrative: Medication TC-IMMUN-MEDIC-HAVRIX1440</b></p><a name="TC-IMMUN-MEDIC-HAVRIX1440"> </a><a name="hcTC-IMMUN-MEDIC-HAVRIX1440"> </a><a name="TC-IMMUN-MEDIC-HAVRIX1440-en-US"> </a><div style="display: inline-block; background-color: #d9e0e7; padding: 6px; margin: 4px; border: 1px solid #8da1b4; border-radius: 5px; line-height: 60%"><p style="margin-bottom: 0px"/><p style="margin-bottom: 0px">Profile: <a href="StructureDefinition-ch-vacd-medication-for-immunization.html">CH VACD Medication For Immunization</a></p></div><p><b>identifier</b>: <code>urn:oid:2.16.756.5.30.1.402.1.3.1.1.1</code>/359000dc-2cee-4a6e-ab05-577f558840e2</p><p><b>code</b>: <span title="Codes:{urn:oid:2.51.1.1 7680005580054}">HAVRIX 1440 Inj Susp</span></p><p><b>status</b>: Active</p><p><b>manufacturer</b>: <a href="Organization-TC-ORG-GSK.html">Organization GlaxoSmithKline AG</a></p><p><b>form</b>: <span title="Codes:{urn:oid:0.4.0.127.0.16.1.1.2.1 11202000}">Suspension for injection</span></p><p><b>amount</b>: 1 milliliter<span style="background: LightGoldenRodYellow"> (Details: UCUM  codemL = 'mL')</span>/1 Syringe (unit of presentation)<span style="background: LightGoldenRodYellow"> (Details: SNOMED CT  code733020007 = 'Syringe')</span></p><h3>Ingredients</h3><table class="grid"><tr><td style="display: none">-</td><td><b>Item[x]</b></td></tr><tr><td style="display: none">*</td><td><span title="Codes:{http://snomed.info/sct 106181007}">Immunologic substance (substance)</span></td></tr></table><h3>Batches</h3><table class="grid"><tr><td style="display: none">-</td><td><b>LotNumber</b></td></tr><tr><td style="display: none">*</td><td>AHAVB946A</td></tr></table></div>
        </text>
        <identifier>
          <system value="urn:oid:2.16.756.5.30.1.402.1.3.1.1.1"/>
          <value value="359000dc-2cee-4a6e-ab05-577f558840e2"/>
        </identifier>
        <code>
          <coding>
            <system value="urn:oid:2.51.1.1"/>
            <code value="7680005580054"/>
            <display value="HAVRIX 1440 Inj Susp"/>
          </coding>
          <text value="HAVRIX 1440 Inj Susp"/>
        </code>
        <status value="active"/>
        <manufacturer>
          <reference value="Organization/TC-ORG-GSK"/>
        </manufacturer>
        <form>
          <coding>
            <system value="urn:oid:0.4.0.127.0.16.1.1.2.1"/>
            <code value="11202000"/>
            <display value="Suspension for injection"/>
          </coding>
        </form>
        <amount>
          <numerator>
            <value value="1"/>
            <unit value="milliliter"/>
            <system value="http://unitsofmeasure.org"/>
            <code value="mL"/>
          </numerator>
          <denominator>
            <value value="1"/>
            <unit value="Syringe (unit of presentation)"/>
            <system value="http://snomed.info/sct"/>
            <code value="733020007"/>
          </denominator>
        </amount>
        <ingredient>
          <itemCodeableConcept>
            <coding>
              <system value="http://snomed.info/sct"/>
              <code value="106181007"/>
              <display value="Immunologic substance (substance)"/>
            </coding>
            <text value="Immunologic substance (substance)"/>
          </itemCodeableConcept>
        </ingredient>
        <batch>
          <lotNumber value="AHAVB946A"/>
        </batch>
      </Medication>
    </resource>
  </entry>
  <entry>
    <fullUrl value="http://test.fhir.ch/r4/Organization/TC-ORG-GSK"/>
    <resource>
      <Organization>
        <id value="TC-ORG-GSK"/>
        <meta>
          <profile value="http://fhir.ch/ig/ch-core/StructureDefinition/ch-core-organization"/>
        </meta>
        <text>
          <status value="generated"/><div xmlns="http://www.w3.org/1999/xhtml"><a name="Organization_TC-ORG-GSK"> </a><p class="res-header-id"><b>Generated Narrative: Organization TC-ORG-GSK</b></p><a name="TC-ORG-GSK"> </a><a name="hcTC-ORG-GSK"> </a><a name="TC-ORG-GSK-en-US"> </a><div style="display: inline-block; background-color: #d9e0e7; padding: 6px; margin: 4px; border: 1px solid #8da1b4; border-radius: 5px; line-height: 60%"><p style="margin-bottom: 0px"/><p style="margin-bottom: 0px">Profile: <a href="https://build.fhir.org/ig/hl7ch/ch-core/StructureDefinition-ch-core-organization.html">CH Core Organization</a></p></div><p><b>identifier</b>: <a href="https://www.gs1.org/standards/id-keys/gln" title="Global Location Number">GLN</a>/7601001000674</p><p><b>name</b>: GlaxoSmithKline AG</p><p><b>telecom</b>: ph: tel:+41 31 862 21 11(Work), fax: fax:+41 31 862 22 00(Work), <a href="mailto:mailto:swiss.info@gsk.com">mailto:swiss.info@gsk.com</a>, <a href="https://www.gsk.com">https://www.gsk.com</a></p><p><b>address</b>: Talstrasse 3-5 Münchenbuchsee BE 3053 CH </p></div>
        </text>
        <identifier>
          <system value="urn:oid:2.51.1.3"/>
          <value value="7601001000674"/>
        </identifier>
        <name value="GlaxoSmithKline AG"/>
        <telecom>
          <system value="phone"/>
          <value value="tel:+41 31 862 21 11"/>
          <use value="work"/>
        </telecom>
        <telecom>
          <system value="fax"/>
          <value value="fax:+41 31 862 22 00"/>
          <use value="work"/>
        </telecom>
        <telecom>
          <system value="email"/>
          <value value="mailto:swiss.info@gsk.com"/>
          <use value="work"/>
        </telecom>
        <telecom>
          <system value="url"/>
          <value value="https://www.gsk.com"/>
          <use value="work"/>
        </telecom>
        <address>
          <line value="Talstrasse 3-5"/>
          <city value="Münchenbuchsee"/>
          <state value="BE"/>
          <postalCode value="3053"/>
          <country value="CH"/>
        </address>
      </Organization>
    </resource>
  </entry>
</Bundle>