<?xml version="1.0" encoding="UTF-8"?>

<Condition xmlns="http://hl7.org/fhir">
  <id value="TCC05-UNDILL3"/>
  <meta>
    <profile value="http://fhir.ch/ig/ch-vacd/StructureDefinition/ch-vacd-pastillnesses"/>
  </meta>
  <text>
    <status value="generated"/><div xmlns="http://www.w3.org/1999/xhtml"><p class="res-header-id"><b>Generated Narrative: Condition TCC05-UNDILL3</b></p><a name="TCC05-UNDILL3"> </a><a name="hcTCC05-UNDILL3"> </a><a name="TCC05-UNDILL3-en-US"> </a><div style="display: inline-block; background-color: #d9e0e7; padding: 6px; margin: 4px; border: 1px solid #8da1b4; border-radius: 5px; line-height: 60%"><p style="margin-bottom: 0px"/><p style="margin-bottom: 0px">Profile: <a href="StructureDefinition-ch-vacd-pastillnesses.html">CH VACD Past Illness</a></p></div><p><b>identifier</b>: <code>urn:oid:2.16.756.5.30.1.402.1.3.1.1.2</code>/19ba4bcf-71cb-4777-99d9-300cbe9bb771</p><p><b>clinicalStatus</b>: <span title="Codes:{http://terminology.hl7.org/CodeSystem/condition-clinical resolved}">Resolved</span></p><p><b>verificationStatus</b>: <span title="Codes:{http://terminology.hl7.org/CodeSystem/condition-ver-status refuted}">Refuted</span></p><p><b>code</b>: <span title="Codes:{http://snomed.info/sct 14189004}">Measles (disorder)</span></p><p><b>subject</b>: <a href="Patient-TC-patient.html">Monika Wegmueller  Female, DoB: 1967-02-10 ( Medical record number)</a></p><p><b>onset</b>: 2015-07-30</p><p><b>abatement</b>: 2021-09-10</p><p><b>recordedDate</b>: 2021-09-10</p><p><b>recorder</b>: <a href="PractitionerRole-TC-HCP1-ORG1-ROLE-author.html">PractitionerRole</a></p></div>
  </text>
  <identifier>
    <system value="urn:oid:2.16.756.5.30.1.402.1.3.1.1.2"/>
    <value value="19ba4bcf-71cb-4777-99d9-300cbe9bb771"/>
  </identifier>
  <clinicalStatus>
    <coding>
      <system value="http://terminology.hl7.org/CodeSystem/condition-clinical"/>
      <code value="resolved"/>
      <display value="Resolved"/>
    </coding>
  </clinicalStatus>
  <verificationStatus>
    <coding>
      <system value="http://terminology.hl7.org/CodeSystem/condition-ver-status"/>
      <code value="refuted"/>
      <display value="Refuted"/>
    </coding>
  </verificationStatus>
  <code>
    <coding>
      <system value="http://snomed.info/sct"/>
      <code value="14189004"/>
      <display value="Measles (disorder)"/>
    </coding>
  </code>
  <subject>
    <reference value="Patient/TC-patient"/>
  </subject>
  <onsetDateTime value="2015-07-30"/>
  <abatementDateTime value="2021-09-10"/>
  <recordedDate value="2021-09-10"/>
  <recorder>
    <reference value="PractitionerRole/TC-HCP1-ORG1-ROLE-author"/>
  </recorder>
</Condition>