<?xml version="1.0" encoding="UTF-8"?>

<Condition xmlns="http://hl7.org/fhir">
  <id value="TCC04-EXPRISK3"/>
  <meta>
    <profile value="http://fhir.ch/ig/ch-vacd/StructureDefinition/ch-vacd-medical-problems"/>
  </meta>
  <text>
    <status value="generated"/><div xmlns="http://www.w3.org/1999/xhtml"><p class="res-header-id"><b>Generated Narrative: Condition TCC04-EXPRISK3</b></p><a name="TCC04-EXPRISK3"> </a><a name="hcTCC04-EXPRISK3"> </a><a name="TCC04-EXPRISK3-en-US"> </a><div style="display: inline-block; background-color: #d9e0e7; padding: 6px; margin: 4px; border: 1px solid #8da1b4; border-radius: 5px; line-height: 60%"><p style="margin-bottom: 0px"/><p style="margin-bottom: 0px">Profile: <a href="StructureDefinition-ch-vacd-medical-problems.html">CH VACD Medical Problems</a></p></div><p><b>identifier</b>: <code>urn:oid:2.16.756.5.30.1.402.1.3.1.1.2</code>/dc168f1f-967c-4ff2-95ef-f8c468d67b45</p><p><b>clinicalStatus</b>: <span title="Codes:{http://terminology.hl7.org/CodeSystem/condition-clinical inactive}">Inactive</span></p><p><b>verificationStatus</b>: <span title="Codes:{http://terminology.hl7.org/CodeSystem/condition-ver-status refuted}">Refuted</span></p><p><b>category</b>: <span title="Codes:{http://terminology.hl7.org/CodeSystem/condition-category problem-list-item}">Problem List Item</span></p><p><b>code</b>: <span title="Codes:{http://snomed.info/sct 265940000}">Animal health occupation (occupation)</span></p><p><b>subject</b>: <a href="Patient-TC-patient2.html">Lea Knecht  Female, DoB: 1992-05-14 ( Medical record number)</a></p><p><b>onset</b>: 2021-08-20</p><p><b>abatement</b>: 2021-09-10</p><p><b>recordedDate</b>: 2021-09-10</p><p><b>recorder</b>: <a href="PractitionerRole-TC-HCP1-ORG1-ROLE-author.html">PractitionerRole</a></p></div>
  </text>
  <identifier>
    <system value="urn:oid:2.16.756.5.30.1.402.1.3.1.1.2"/>
    <value value="dc168f1f-967c-4ff2-95ef-f8c468d67b45"/>
  </identifier>
  <clinicalStatus>
    <coding>
      <system value="http://terminology.hl7.org/CodeSystem/condition-clinical"/>
      <code value="inactive"/>
      <display value="Inactive"/>
    </coding>
  </clinicalStatus>
  <verificationStatus>
    <coding>
      <system value="http://terminology.hl7.org/CodeSystem/condition-ver-status"/>
      <code value="refuted"/>
      <display value="Refuted"/>
    </coding>
  </verificationStatus>
  <category>
    <coding>
      <system value="http://terminology.hl7.org/CodeSystem/condition-category"/>
      <code value="problem-list-item"/>
      <display value="Problem List Item"/>
    </coding>
  </category>
  <code>
    <coding>
      <system value="http://snomed.info/sct"/>
      <code value="265940000"/>
      <display value="Animal health occupation (occupation)"/>
    </coding>
  </code>
  <subject>
    <reference value="Patient/TC-patient2"/>
  </subject>
  <onsetDateTime value="2021-08-20"/>
  <abatementDateTime value="2021-09-10"/>
  <recordedDate value="2021-09-10"/>
  <recorder>
    <reference value="PractitionerRole/TC-HCP1-ORG1-ROLE-author"/>
  </recorder>
</Condition>