<?xml version="1.0" encoding="UTF-8"?>

<Immunization xmlns="http://hl7.org/fhir">
  <id value="TCA01-IMMUN2-HCP1-ORG1-ROLE"/>
  <meta>
    <profile value="http://fhir.ch/ig/ch-vacd/StructureDefinition/ch-vacd-immunization"/>
  </meta>
  <text>
    <status value="extensions"/><div xmlns="http://www.w3.org/1999/xhtml"><p class="res-header-id"><b>Generated Narrative: Immunization TCA01-IMMUN2-HCP1-ORG1-ROLE</b></p><a name="TCA01-IMMUN2-HCP1-ORG1-ROLE"> </a><a name="hcTCA01-IMMUN2-HCP1-ORG1-ROLE"> </a><a name="TCA01-IMMUN2-HCP1-ORG1-ROLE-en-US"> </a><div style="display: inline-block; background-color: #d9e0e7; padding: 6px; margin: 4px; border: 1px solid #8da1b4; border-radius: 5px; line-height: 60%"><p style="margin-bottom: 0px"/><p style="margin-bottom: 0px">Profile: <a href="StructureDefinition-ch-vacd-immunization.html">CH VACD Immunization</a></p></div><p><b>Author of the content</b>: <a href="PractitionerRole-TC-HCP1-ORG1-ROLE-author.html">PractitionerRole</a></p><p><b>CH VACD Extension verificationStatus</b>: <a href="http://snomed.info/id/59156000">SNOMED CT 59156000</a>: Confirmed</p><p><b>identifier</b>: <code>urn:oid:2.16.756.5.30.1.402.1.3.1.1.1</code>/11853642-8ff4-45ae-af98-44c58b3bf0b7</p><p><b>status</b>: Completed</p><p><b>vaccineCode</b>: <span title="Codes:{http://fhir.ch/ig/ch-vacd/CodeSystem/ch-vacd-swissmedic-cs 637}">Boostrix</span></p><p><b>patient</b>: <a href="Patient-TC-patient.html">Monika Wegmueller  Female, DoB: 1967-02-10 ( Medical record number)</a></p><p><b>occurrence</b>: 2021-06-15</p><p><b>recorded</b>: 2021-06-20 00:00:00+0200</p><p><b>lotNumber</b>: 14-34218</p><p><b>route</b>: <span title="Codes:{http://standardterms.edqm.eu 20035000}">Intramuscular use</span></p><h3>Performers</h3><table class="grid"><tr><td style="display: none">-</td><td><b>Actor</b></td></tr><tr><td style="display: none">*</td><td><a href="PractitionerRole-TC-HCP1-ORG1-ROLE-performer.html">PractitionerRole</a></td></tr></table><p><b>note</b>: Der Patient hatte an mehreren nachfolgenden Tagen eine sehr empfindliche und leicht gerötete Haut rund um die Einstichstelle. (By Practitioner/TC-HCP1-C1 @2021-06-20)</p><blockquote><p><b>protocolApplied</b></p><p><b>targetDisease</b>: <span title="Codes:{http://snomed.info/sct 397430003}">Diphtheria caused by Corynebacterium diphtheriae (disorder)</span>, <span title="Codes:{http://snomed.info/sct 76902006}">Tetanus (disorder)</span>, <span title="Codes:{http://snomed.info/sct 27836007}">Pertussis (disorder)</span></p><p><b>doseNumber</b>: 1</p></blockquote></div>
  </text>
  <extension url="http://fhir.ch/ig/ch-core/StructureDefinition/ch-ext-author">
    <valueReference>
      <reference value="PractitionerRole/TC-HCP1-ORG1-ROLE-author"/>
    </valueReference>
  </extension>
  <extension url="http://fhir.ch/ig/ch-vacd/StructureDefinition/ch-vacd-ext-verification-status">
    <valueCoding>
      <system value="http://snomed.info/sct"/>
      <code value="59156000"/>
      <display value="Confirmed"/>
    </valueCoding>
  </extension>
  <identifier>
    <system value="urn:oid:2.16.756.5.30.1.402.1.3.1.1.1"/>
    <value value="11853642-8ff4-45ae-af98-44c58b3bf0b7"/>
  </identifier>
  <status value="completed"/>
  <vaccineCode>
    <coding>
      <system value="http://fhir.ch/ig/ch-vacd/CodeSystem/ch-vacd-swissmedic-cs"/>
      <code value="637"/>
      <display value="Boostrix"/>
    </coding>
  </vaccineCode>
  <patient>
    <reference value="Patient/TC-patient"/>
  </patient>
  <occurrenceDateTime value="2021-06-15"/>
  <recorded value="2021-06-20T00:00:00.390+02:00"/>
  <lotNumber value="14-34218"/>
  <route>
    <coding>
      <system value="http://standardterms.edqm.eu"/>
      <code value="20035000"/>
      <display value="Intramuscular use"/>
    </coding>
  </route>
  <performer>
    <actor>
      <reference value="PractitionerRole/TC-HCP1-ORG1-ROLE-performer"/>
    </actor>
  </performer>
  <note>
    <authorReference>
      <reference value="Practitioner/TC-HCP1-C1"/>
    </authorReference>
    <time value="2021-06-20"/>
    <text value="Der Patient hatte an mehreren nachfolgenden Tagen eine sehr empfindliche und leicht gerötete Haut rund um die Einstichstelle."/>
  </note>
  <protocolApplied>
    <targetDisease>
      <coding>
        <system value="http://snomed.info/sct"/>
        <code value="397430003"/>
        <display value="Diphtheria caused by Corynebacterium diphtheriae (disorder)"/>
      </coding>
    </targetDisease>
    <targetDisease>
      <coding>
        <system value="http://snomed.info/sct"/>
        <code value="76902006"/>
        <display value="Tetanus (disorder)"/>
      </coding>
    </targetDisease>
    <targetDisease>
      <coding>
        <system value="http://snomed.info/sct"/>
        <code value="27836007"/>
        <display value="Pertussis (disorder)"/>
      </coding>
    </targetDisease>
    <doseNumberPositiveInt value="1"/>
  </protocolApplied>
</Immunization>