<?xml version="1.0" encoding="UTF-8"?>

<Immunization xmlns="http://hl7.org/fhir">
  <id value="7-10-Immunization"/>
  <meta>
    <profile value="http://fhir.ch/ig/ch-vacd/StructureDefinition/ch-vacd-immunization"/>
  </meta>
  <text>
    <status value="extensions"/><div xmlns="http://www.w3.org/1999/xhtml"><p class="res-header-id"><b>Generated Narrative: Immunization 7-10-Immunization</b></p><a name="7-10-Immunization"> </a><a name="hc7-10-Immunization"> </a><a name="7-10-Immunization-en-US"> </a><div style="display: inline-block; background-color: #d9e0e7; padding: 6px; margin: 4px; border: 1px solid #8da1b4; border-radius: 5px; line-height: 60%"><p style="margin-bottom: 0px"/><p style="margin-bottom: 0px">Profile: <a href="StructureDefinition-ch-vacd-immunization.html">CH VACD Immunization</a></p></div><p><b>Author of the content</b>: <a href="PractitionerRole-6-6-PractitionerRole.html">PractitionerRole</a></p><p><b>CH VACD Extension verificationStatus</b>: <a href="http://snomed.info/id/59156000">SNOMED CT 59156000</a>: Confirmed</p><p><b>identifier</b>: <code>urn:oid:2.16.756.5.30.1.147.1.3.1</code>/45678</p><p><b>status</b>: Completed</p><p><b>vaccineCode</b>: <span title="Codes:{http://fhir.ch/ig/ch-vacd/CodeSystem/ch-vacd-swissmedic-cs 268}">MMR-II</span></p><p><b>patient</b>: <a href="Patient-3-2-Patient.html">Monika Wegmueller  Female, DoB: 1967-03-10 ( Medical record number)</a></p><p><b>occurrence</b>: 2016-03-05 00:00:00+0100</p><p><b>recorded</b>: 2016-03-05 00:00:00+0100</p><p><b>lotNumber</b>: 12345</p><h3>Performers</h3><table class="grid"><tr><td style="display: none">-</td><td><b>Actor</b></td></tr><tr><td style="display: none">*</td><td><a href="PractitionerRole-6-6-PractitionerRole.html">PractitionerRole</a></td></tr></table><p><b>reasonCode</b>: <span title="Codes:{http://terminology.hl7.org/CodeSystem/v3-ActCode IMMUNIZ}">Immunization</span></p><blockquote><p><b>protocolApplied</b></p><p><b>targetDisease</b>: <span title="Codes:{http://snomed.info/sct 14189004}">Measles (disorder)</span>, <span title="Codes:{http://snomed.info/sct 36989005}">Mumps (disorder)</span>, <span title="Codes:{http://snomed.info/sct 36653000}">Rubella (disorder)</span></p><p><b>doseNumber</b>: 1</p></blockquote></div>
  </text>
  <extension url="http://fhir.ch/ig/ch-core/StructureDefinition/ch-ext-author">
    <valueReference>
      <reference value="PractitionerRole/6-6-PractitionerRole"/>
    </valueReference>
  </extension>
  <extension url="http://fhir.ch/ig/ch-vacd/StructureDefinition/ch-vacd-ext-verification-status">
    <valueCoding>
      <system value="http://snomed.info/sct"/>
      <code value="59156000"/>
      <display value="Confirmed"/>
    </valueCoding>
  </extension>
  <identifier>
    <system value="urn:oid:2.16.756.5.30.1.147.1.3.1"/>
    <value value="45678"/>
  </identifier>
  <status value="completed"/>
  <vaccineCode>
    <coding>
      <system value="http://fhir.ch/ig/ch-vacd/CodeSystem/ch-vacd-swissmedic-cs"/>
      <code value="268"/>
      <display value="MMR-II"/>
    </coding>
  </vaccineCode>
  <patient>
    <reference value="Patient/3-2-Patient"/>
  </patient>
  <occurrenceDateTime value="2016-03-05T00:00:00+01:00"/>
  <recorded value="2016-03-05T00:00:00+01:00"/>
  <lotNumber value="12345"/>
  <performer>
    <actor>
      <reference value="PractitionerRole/6-6-PractitionerRole"/>
    </actor>
  </performer>
  <reasonCode>
    <coding>
      <system value="http://terminology.hl7.org/CodeSystem/v3-ActCode"/>
      <code value="IMMUNIZ"/>
      <display value="Immunization"/>
    </coding>
  </reasonCode>
  <protocolApplied>
    <targetDisease>
      <coding>
        <system value="http://snomed.info/sct"/>
        <code value="14189004"/>
        <display value="Measles (disorder)"/>
      </coding>
    </targetDisease>
    <targetDisease>
      <coding>
        <system value="http://snomed.info/sct"/>
        <code value="36989005"/>
        <display value="Mumps (disorder)"/>
      </coding>
    </targetDisease>
    <targetDisease>
      <coding>
        <system value="http://snomed.info/sct"/>
        <code value="36653000"/>
        <display value="Rubella (disorder)"/>
      </coding>
    </targetDisease>
    <doseNumberPositiveInt value="1"/>
  </protocolApplied>
</Immunization>