<?xml version="1.0" encoding="UTF-8"?>

<Medication xmlns="http://hl7.org/fhir">
  <id value="TC-IMMUN-MEDIC-HAVRIX1440"/>
  <meta>
    <profile value="http://fhir.ch/ig/ch-vacd/StructureDefinition/ch-vacd-medication-for-immunization"/>
  </meta>
  <text>
    <status value="generated"/><div xmlns="http://www.w3.org/1999/xhtml"><p class="res-header-id"><b>Generated Narrative: Medication TC-IMMUN-MEDIC-HAVRIX1440</b></p><a name="TC-IMMUN-MEDIC-HAVRIX1440"> </a><a name="hcTC-IMMUN-MEDIC-HAVRIX1440"> </a><a name="TC-IMMUN-MEDIC-HAVRIX1440-en-US"> </a><div style="display: inline-block; background-color: #d9e0e7; padding: 6px; margin: 4px; border: 1px solid #8da1b4; border-radius: 5px; line-height: 60%"><p style="margin-bottom: 0px"/><p style="margin-bottom: 0px">Profile: <a href="StructureDefinition-ch-vacd-medication-for-immunization.html">CH VACD Medication For Immunization</a></p></div><p><b>identifier</b>: <code>urn:oid:2.16.756.5.30.1.402.1.3.1.1.1</code>/359000dc-2cee-4a6e-ab05-577f558840e2</p><p><b>code</b>: <span title="Codes:{urn:oid:2.51.1.1 7680005580054}">HAVRIX 1440 Inj Susp</span></p><p><b>status</b>: Active</p><p><b>manufacturer</b>: <a href="Organization-TC-ORG-GSK.html">Organization GlaxoSmithKline AG</a></p><p><b>form</b>: <span title="Codes:{urn:oid:0.4.0.127.0.16.1.1.2.1 11202000}">Suspension for injection</span></p><p><b>amount</b>: 1 milliliter<span style="background: LightGoldenRodYellow"> (Details: UCUM  codemL = 'mL')</span>/1 Syringe (unit of presentation)<span style="background: LightGoldenRodYellow"> (Details: SNOMED CT  code733020007 = 'Syringe')</span></p><h3>Ingredients</h3><table class="grid"><tr><td style="display: none">-</td><td><b>Item[x]</b></td></tr><tr><td style="display: none">*</td><td><span title="Codes:{http://snomed.info/sct 106181007}">Immunologic substance (substance)</span></td></tr></table><h3>Batches</h3><table class="grid"><tr><td style="display: none">-</td><td><b>LotNumber</b></td></tr><tr><td style="display: none">*</td><td>AHAVB946A</td></tr></table></div>
  </text>
  <identifier>
    <system value="urn:oid:2.16.756.5.30.1.402.1.3.1.1.1"/>
    <value value="359000dc-2cee-4a6e-ab05-577f558840e2"/>
  </identifier>
  <code>
    <coding>
      <system value="urn:oid:2.51.1.1"/>
      <code value="7680005580054"/>
      <display value="HAVRIX 1440 Inj Susp"/>
    </coding>
    <text value="HAVRIX 1440 Inj Susp"/>
  </code>
  <status value="active"/>
  <manufacturer>
    <reference value="Organization/TC-ORG-GSK"/>
  </manufacturer>
  <form>
    <coding>
      <system value="urn:oid:0.4.0.127.0.16.1.1.2.1"/>
      <code value="11202000"/>
      <display value="Suspension for injection"/>
    </coding>
  </form>
  <amount>
    <numerator>
      <value value="1"/>
      <unit value="milliliter"/>
      <system value="http://unitsofmeasure.org"/>
      <code value="mL"/>
    </numerator>
    <denominator>
      <value value="1"/>
      <unit value="Syringe (unit of presentation)"/>
      <system value="http://snomed.info/sct"/>
      <code value="733020007"/>
    </denominator>
  </amount>
  <ingredient>
    <itemCodeableConcept>
      <coding>
        <system value="http://snomed.info/sct"/>
        <code value="106181007"/>
        <display value="Immunologic substance (substance)"/>
      </coding>
      <text value="Immunologic substance (substance)"/>
    </itemCodeableConcept>
  </ingredient>
  <batch>
    <lotNumber value="AHAVB946A"/>
  </batch>
</Medication>