<?xml version="1.0" encoding="UTF-8"?>

<Organization xmlns="http://hl7.org/fhir">
  <id value="CDSS-Organization"/>
  <meta>
    <profile value="http://fhir.ch/ig/ch-core/StructureDefinition/ch-core-organization"/>
  </meta>
  <text>
    <status value="generated"/><div xmlns="http://www.w3.org/1999/xhtml"><p class="res-header-id"><b>Generated Narrative: Organization CDSS-Organization</b></p><a name="CDSS-Organization"> </a><a name="hcCDSS-Organization"> </a><a name="CDSS-Organization-en-US"> </a><div style="display: inline-block; background-color: #d9e0e7; padding: 6px; margin: 4px; border: 1px solid #8da1b4; border-radius: 5px; line-height: 60%"><p style="margin-bottom: 0px"/><p style="margin-bottom: 0px">Profile: <a href="https://build.fhir.org/ig/hl7ch/ch-core/StructureDefinition-ch-core-organization.html">CH Core Organization</a></p></div><p><b>identifier</b>: <a href="https://www.gs1.org/standards/id-keys/gln" title="Global Location Number">GLN</a>/7601000000781</p><p><b>name</b>: Immunization CDS Service</p><p><b>address</b>: Mustergasse 99 Beispielen SG 9876 CH </p></div>
  </text>
  <identifier>
    <system value="urn:oid:2.51.1.3"/>
    <value value="7601000000781"/>
  </identifier>
  <name value="Immunization CDS Service"/>
  <address>
    <line value="Mustergasse 99"/>
    <city value="Beispielen"/>
    <state value="SG"/>
    <postalCode value="9876"/>
    <country value="CH"/>
  </address>
</Organization>