<?xml version="1.0" encoding="UTF-8"?>

<Patient xmlns="http://hl7.org/fhir">
  <id value="3-2-Patient"/>
  <meta>
    <profile value="http://fhir.ch/ig/ch-core/StructureDefinition/ch-core-patient-epr"/>
  </meta>
  <text>
    <status value="generated"/><div xmlns="http://www.w3.org/1999/xhtml"><p class="res-header-id"><b>Generated Narrative: Patient 3-2-Patient</b></p><a name="3-2-Patient"> </a><a name="hc3-2-Patient"> </a><a name="3-2-Patient-en-US"> </a><div style="display: inline-block; background-color: #d9e0e7; padding: 6px; margin: 4px; border: 1px solid #8da1b4; border-radius: 5px; line-height: 60%"><p style="margin-bottom: 0px"/><p style="margin-bottom: 0px">Profile: <a href="https://build.fhir.org/ig/hl7ch/ch-core/StructureDefinition-ch-core-patient-epr.html">CH Core Patient EPR</a></p></div><p style="border: 1px #661aff solid; background-color: #e6e6ff; padding: 10px;">Monika Wegmueller  Female, DoB: 1967-03-10 ( Medical record number)</p><hr/><table class="grid"><tr><td style="background-color: #f3f5da" title="Ways to contact the Patient">Contact Detail</td><td colspan="3">9876 </td></tr></table></div>
  </text>
  <identifier>
    <type>
      <coding>
        <system value="http://terminology.hl7.org/CodeSystem/v2-0203"/>
        <code value="MR"/>
      </coding>
    </type>
    <system value="urn:oid:1.2.3.4"/>
    <value value="12345678"/>
  </identifier>
  <name>
    <family value="Wegmueller"/>
    <given value="Monika"/>
  </name>
  <gender value="female"/>
  <birthDate value="1967-03-10"/>
  <address>
    <postalCode value="9876"/>
  </address>
</Patient>