{"resourceType":"CodeSystem","id":"PatrickCS","text":{"status":"generated","div":"<div xmlns=\"http://www.w3.org/1999/xhtml\"><p class=\"res-header-id\"><b>Generated Narrative: CodeSystem PatrickCS</b></p><a name=\"PatrickCS\"> </a><a name=\"hcPatrickCS\"> </a><a name=\"PatrickCS-en-US\"> </a><p>This  code system <code>http://example.org/CodeSystem/PatrickCS</code> defines the following codes:</p><table class=\"codes\"><tr><td style=\"white-space:nowrap\"><b>Code</b></td><td><b>Display</b></td></tr><tr><td style=\"white-space:nowrap\">1<a name=\"PatrickCS-1\"> </a></td><td>Code1</td></tr><tr><td style=\"white-space:nowrap\">2<a name=\"PatrickCS-2\"> </a></td><td>Code2</td></tr><tr><td style=\"white-space:nowrap\">3<a name=\"PatrickCS-3\"> </a></td><td>Code3</td></tr><tr><td style=\"white-space:nowrap\">4<a name=\"PatrickCS-4\"> </a></td><td>Code4</td></tr></table></div>"},"url":"http://example.org/CodeSystem/PatrickCS","version":"0.1.0","name":"PatrickCS","title":"PatrickCS","status":"draft","date":"2025-04-11T08:08:48+02:00","publisher":"Example Publisher","contact":[{"name":"Example Publisher","telecom":[{"system":"url","value":"http://example.org/example-publisher"}]}],"description":"Patricks Codesystem","content":"complete","count":4,"concept":[{"code":"1","display":"Code1"},{"code":"2","display":"Code2"},{"code":"3","display":"Code3"},{"code":"4","display":"Code4"}]}