{"resourceType":"ValueSet","id":"PatrickVS","text":{"status":"generated","div":"<div xmlns=\"http://www.w3.org/1999/xhtml\"><p class=\"res-header-id\"><b>Generated Narrative: ValueSet PatrickVS</b></p><a name=\"PatrickVS\"> </a><a name=\"hcPatrickVS\"> </a><a name=\"PatrickVS-en-US\"> </a><ul><li>Include these codes as defined in <a href=\"CodeSystem-PatrickCS.html\"><code>http://example.org/CodeSystem/PatrickCS</code></a><table class=\"none\"><tr><td style=\"white-space:nowrap\"><b>Code</b></td><td><b>Display</b></td></tr><tr><td><a href=\"CodeSystem-PatrickCS.html#PatrickCS-1\">1</a></td><td>Code1</td></tr><tr><td><a href=\"CodeSystem-PatrickCS.html#PatrickCS-2\">2</a></td><td>Code2</td></tr><tr><td><a href=\"CodeSystem-PatrickCS.html#PatrickCS-3\">3</a></td><td>Code3</td></tr></table></li></ul></div>"},"url":"http://example.org/ValueSet/PatrickVS","version":"0.1.0","name":"PatrickVS","title":"PatrickVS","status":"draft","date":"2025-04-11T08:08:48+02:00","publisher":"Example Publisher","contact":[{"name":"Example Publisher","telecom":[{"system":"url","value":"http://example.org/example-publisher"}]}],"description":"A ValueSet from Patrick","compose":{"include":[{"system":"http://example.org/CodeSystem/PatrickCS","concept":[{"code":"1","display":"Code1"},{"code":"2","display":"Code2"},{"code":"3","display":"Code3"}]}]}}