{
  "resourceType" : "AllergyIntolerance",
  "id" : "TCF02-ALLINTO2",
  "meta" : {
    "profile" : ["http://fhir.ch/ig/ch-vacd/StructureDefinition/ch-vacd-allergyintolerances"]
  },
  "text" : {
    "status" : "extensions",
    "div" : "<div xmlns=\"http://www.w3.org/1999/xhtml\"><p class=\"res-header-id\"><b>Generated Narrative: AllergyIntolerance TCF02-ALLINTO2</b></p><a name=\"TCF02-ALLINTO2\"> </a><a name=\"hcTCF02-ALLINTO2\"> </a><a name=\"TCF02-ALLINTO2-en-US\"> </a><div style=\"display: inline-block; background-color: #d9e0e7; padding: 6px; margin: 4px; border: 1px solid #8da1b4; border-radius: 5px; line-height: 60%\"><p style=\"margin-bottom: 0px\"/><p style=\"margin-bottom: 0px\">Profile: <a href=\"StructureDefinition-ch-vacd-allergyintolerances.html\">CH VACD AllergyIntolerance</a></p></div><blockquote><p><b>Entry Resource Cross References</b></p><ul><li>entry: Identifier: <code>urn:oid:2.16.756.5.30.1.402.1.3.1.1.1</code>/cbc8c8c1-4f47-4ec3-99a7-ae775b75c621</li><li>container: Identifier: <a href=\"http://terminology.hl7.org/6.3.0/NamingSystem-uri.html\" title=\"As defined by RFC 3986 (http://www.ietf.org/rfc/rfc3986.txt)(with many schemes defined in many RFCs). For OIDs and UUIDs, use the URN form (urn:oid:(note: lowercase) and urn:uuid:). See http://www.ietf.org/rfc/rfc3001.txt and http://www.ietf.org/rfc/rfc4122.txt \r\n\r\nThis oid is used as an identifier II.root to indicate the the extension is an absolute URI (technically, an IRI). Typically, this is used for OIDs and GUIDs. Note that when this OID is used with OIDs and GUIDs, the II.extension should start with urn:oid or urn:uuid: \r\n\r\nNote that this OID is created to aid with interconversion between CDA and FHIR - FHIR uses urn:ietf:rfc:3986 as equivalent to this OID. URIs as identifiers appear more commonly in FHIR.\r\n\r\nThis OID may also be used in CD.codeSystem.\">Uniform Resource Identifier (URI)</a>/urn:uuid:98dbfa14-1b2e-40f8-8110-932c631db1df</li><li>relationcode: replaces</li></ul></blockquote><p><b>identifier</b>: <code>urn:oid:2.16.756.5.30.1.402.1.3.1.1.2</code>/e6e14c17-b468-4ecb-a4d7-8dfd5ddb36d8</p><p><b>clinicalStatus</b>: <span title=\"Codes:{http://terminology.hl7.org/CodeSystem/allergyintolerance-clinical active}\">Active</span></p><p><b>verificationStatus</b>: <span title=\"Codes:{http://terminology.hl7.org/CodeSystem/allergyintolerance-verification confirmed}\">Confirmed</span></p><p><b>code</b>: <span title=\"Codes:{http://snomed.info/sct 24079001}\">Atopic dermatitis (disorder)</span></p><p><b>patient</b>: <a href=\"Patient-TC-patient.html\">Monika Wegmueller  Female, DoB: 1967-02-10 ( Medical record number)</a></p><p><b>onset</b>: 2021-10-06</p><p><b>recordedDate</b>: 2021-10-06</p><p><b>recorder</b>: <a href=\"PractitionerRole-TC-HCP1-ORG1-ROLE-author.html\">PractitionerRole</a></p><p><b>lastOccurrence</b>: 2021-10-06</p><p><b>note</b>: This disorder will only occure if the time between the consumation of an apple and an vaccination is less than 10h (By Practitioner/TC-HCP1-C1 @2022-01-05)</p></div>"
  },
  "extension" : [{
    "extension" : [{
      "url" : "entry",
      "valueReference" : {
        "type" : "AllergyIntolerance",
        "identifier" : {
          "system" : "urn:oid:2.16.756.5.30.1.402.1.3.1.1.1",
          "value" : "cbc8c8c1-4f47-4ec3-99a7-ae775b75c621"
        }
      }
    },
    {
      "url" : "container",
      "valueReference" : {
        "type" : "Composition",
        "identifier" : {
          "system" : "urn:ietf:rfc:3986",
          "value" : "urn:uuid:98dbfa14-1b2e-40f8-8110-932c631db1df"
        }
      }
    },
    {
      "url" : "relationcode",
      "valueCode" : "replaces"
    }],
    "url" : "http://fhir.ch/ig/ch-core/StructureDefinition/ch-core-ext-entry-resource-cross-references"
  }],
  "identifier" : [{
    "system" : "urn:oid:2.16.756.5.30.1.402.1.3.1.1.2",
    "value" : "e6e14c17-b468-4ecb-a4d7-8dfd5ddb36d8"
  }],
  "clinicalStatus" : {
    "coding" : [{
      "system" : "http://terminology.hl7.org/CodeSystem/allergyintolerance-clinical",
      "code" : "active"
    }]
  },
  "verificationStatus" : {
    "coding" : [{
      "system" : "http://terminology.hl7.org/CodeSystem/allergyintolerance-verification",
      "code" : "confirmed"
    }]
  },
  "code" : {
    "coding" : [{
      "system" : "http://snomed.info/sct",
      "code" : "24079001",
      "display" : "Atopic dermatitis (disorder)"
    }]
  },
  "patient" : {
    "reference" : "Patient/TC-patient"
  },
  "onsetDateTime" : "2021-10-06",
  "recordedDate" : "2021-10-06",
  "recorder" : {
    "reference" : "PractitionerRole/TC-HCP1-ORG1-ROLE-author"
  },
  "lastOccurrence" : "2021-10-06",
  "note" : [{
    "authorReference" : {
      "reference" : "Practitioner/TC-HCP1-C1"
    },
    "time" : "2022-01-05",
    "text" : "This disorder will only occure if the time between the consumation of an apple and an vaccination is less than 10h"
  }]
}