{
  "resourceType" : "Bundle",
  "id" : "RDC03b",
  "meta" : {
    "profile" : ["http://fhir.ch/ig/ch-vacd/StructureDefinition/ch-vacd-document-vaccination-record"]
  },
  "identifier" : {
    "system" : "urn:ietf:rfc:3986",
    "value" : "urn:uuid:1fff153e-92d2-4f19-9d75-f114f2c35adb"
  },
  "type" : "document",
  "timestamp" : "2021-10-28T14:00:00.390+02:00",
  "entry" : [{
    "fullUrl" : "http://test.fhir.ch/r4/Composition/RDC03-Composition-b",
    "resource" : {
      "resourceType" : "Composition",
      "id" : "RDC03-Composition-b",
      "meta" : {
        "profile" : ["http://fhir.ch/ig/ch-vacd/StructureDefinition/ch-vacd-composition-vaccination-record"]
      },
      "language" : "en-US",
      "text" : {
        "status" : "generated",
        "div" : "<div xmlns=\"http://www.w3.org/1999/xhtml\" xml:lang=\"en-US\" lang=\"en-US\"><h3>Vaccination Record</h3><p><b>Id: </b>RDC03-Composition</p><p><b>Identifier: </b><span>urn:ietf:rfc:3986#urn:uuid:f9a26a92-662e-4601-b1ae-183c8f19d3e2</span></p><p><b>Status: </b>Final</p><p><b>Code: </b><span>Immunization record (http://snomed.info/sct#41000179103)</span></p><p><b>Patient: </b><a href=\"Patient-TC-patient.html\">Patient/TC-patient</a> Wegmueller Monika</p><p><b>Date: </b>October 28, 2021</p><p><b>Authors:</b></p><table><tr><td><p><a href=\"Patient-TC-patient.html\">Patient/TC-patient</a> Wegmueller Monika</p></td></tr></table><p><b>Confidentiality: </b>null<span> Normal (qualifier value) (http://snomed.info/sct#17621005)</span></p><p><b>Sections:</b></p><table><tr><td>Immunization Administration</td></tr><tr><td>Medical Problems</td></tr></table></div>"
      },
      "identifier" : {
        "system" : "urn:ietf:rfc:3986",
        "value" : "urn:uuid:1fff153e-92d2-4f19-9d75-f114f2c35adb"
      },
      "status" : "final",
      "type" : {
        "coding" : [{
          "system" : "http://snomed.info/sct",
          "code" : "41000179103",
          "display" : "Immunization record"
        }]
      },
      "category" : [{
        "coding" : [{
          "system" : "urn:oid:2.16.756.5.30.1.127.3.10.10",
          "code" : "urn:che:epr:ch-vacd:vaccination-record:2022"
        }]
      }],
      "subject" : {
        "reference" : "Patient/TC-patient"
      },
      "date" : "2021-10-28T14:00:00.390+02:00",
      "author" : [{
        "reference" : "Device/TC-Device-Aggregator"
      }],
      "title" : "Vaccination Record",
      "confidentiality" : "N",
      "_confidentiality" : {
        "extension" : [{
          "url" : "http://fhir.ch/ig/ch-core/StructureDefinition/ch-ext-epr-confidentialitycode",
          "valueCodeableConcept" : {
            "coding" : [{
              "system" : "http://snomed.info/sct",
              "code" : "17621005",
              "display" : "Normal (qualifier value)"
            }]
          }
        }]
      },
      "custodian" : {
        "reference" : "Organization/TC-ORG1"
      },
      "section" : [{
        "id" : "administration",
        "title" : "Immunization Administration",
        "code" : {
          "coding" : [{
            "system" : "http://loinc.org",
            "code" : "11369-6",
            "display" : "Hx of Immunization"
          }]
        },
        "text" : {
          "status" : "generated",
          "div" : "<div xmlns=\"http://www.w3.org/1999/xhtml\" xml:lang=\"en-US\" lang=\"en-US\"><p><b>Code: </b><span>Hx of Immunization (http://loinc.org#11369-6)</span></p><p><b>Entries:</b></p><table><tr><td><a href=\"Immunization-TCB01-IMMUN1.html\">Immunization/TCB01-IMMUN1</a></td></tr><tr><td><a href=\"Immunization-TCB01-IMMUN2.html\">Immunization/TCB01-IMMUN2</a></td></tr></table></div>"
        },
        "entry" : [{
          "reference" : "Immunization/TCB01-IMMUN1"
        },
        {
          "reference" : "Immunization/TCB01-IMMUN2"
        }]
      },
      {
        "id" : "medicalproblems",
        "title" : "Medical Problems",
        "code" : {
          "coding" : [{
            "system" : "http://loinc.org",
            "code" : "11450-4",
            "display" : "Problem list Reported"
          }]
        },
        "text" : {
          "status" : "generated",
          "div" : "<div xmlns=\"http://www.w3.org/1999/xhtml\" xml:lang=\"en-US\" lang=\"en-US\"><p><b>Code: </b><span>Problem list Reported (http://loinc.org#11450-4)</span></p><p><b>Entries:</b></p><table><tr><td><a href=\"Condition-TCC03-EXPRISK1.html\">Condition/TCC03-EXPRISK1</a></td></tr></table></div>"
        },
        "entry" : [{
          "reference" : "Condition/TCC03-EXPRISK1"
        }]
      }]
    }
  },
  {
    "fullUrl" : "http://test.fhir.ch/r4/Patient/TC-patient",
    "resource" : {
      "resourceType" : "Patient",
      "id" : "TC-patient",
      "meta" : {
        "profile" : ["http://fhir.ch/ig/ch-core/StructureDefinition/ch-core-patient-epr"]
      },
      "text" : {
        "status" : "generated",
        "div" : "<div xmlns=\"http://www.w3.org/1999/xhtml\"><a name=\"Patient_TC-patient\"> </a><p class=\"res-header-id\"><b>Generated Narrative: Patient TC-patient</b></p><a name=\"TC-patient\"> </a><a name=\"hcTC-patient\"> </a><a name=\"TC-patient-en-US\"> </a><div style=\"display: inline-block; background-color: #d9e0e7; padding: 6px; margin: 4px; border: 1px solid #8da1b4; border-radius: 5px; line-height: 60%\"><p style=\"margin-bottom: 0px\"/><p style=\"margin-bottom: 0px\">Profile: <a href=\"https://build.fhir.org/ig/hl7ch/ch-core/StructureDefinition-ch-core-patient-epr.html\">CH Core Patient EPR</a></p></div><p style=\"border: 1px #661aff solid; background-color: #e6e6ff; padding: 10px;\">Monika Wegmueller  Female, DoB: 1967-02-10 ( Medical record number)</p><hr/><table class=\"grid\"><tr><td style=\"background-color: #f3f5da\" title=\"Ways to contact the Patient\">Contact Detail</td><td colspan=\"3\"><ul><li>ph: tel:+41.32.685.12.34(Home)</li><li>Leidensweg 10 Specimendorf 9876 CH </li></ul></td></tr></table></div>"
      },
      "identifier" : [{
        "type" : {
          "coding" : [{
            "system" : "http://terminology.hl7.org/CodeSystem/v2-0203",
            "code" : "MR"
          }]
        },
        "system" : "urn:oid:1.2.3.4",
        "value" : "12345678"
      }],
      "name" : [{
        "family" : "Wegmueller",
        "given" : ["Monika"]
      }],
      "telecom" : [{
        "system" : "phone",
        "value" : "tel:+41.32.685.12.34",
        "use" : "home"
      }],
      "gender" : "female",
      "birthDate" : "1967-02-10",
      "address" : [{
        "type" : "both",
        "line" : ["Leidensweg 10"],
        "city" : "Specimendorf",
        "postalCode" : "9876",
        "country" : "CH"
      }]
    }
  },
  {
    "fullUrl" : "http://test.fhir.ch/r4/Practitioner/TC-HCP1-C1",
    "resource" : {
      "resourceType" : "Practitioner",
      "id" : "TC-HCP1-C1",
      "meta" : {
        "profile" : ["http://fhir.ch/ig/ch-core/StructureDefinition/ch-core-practitioner-epr"]
      },
      "text" : {
        "status" : "generated",
        "div" : "<div xmlns=\"http://www.w3.org/1999/xhtml\"><a name=\"Practitioner_TC-HCP1-C1\"> </a><p class=\"res-header-id\"><b>Generated Narrative: Practitioner TC-HCP1-C1</b></p><a name=\"TC-HCP1-C1\"> </a><a name=\"hcTC-HCP1-C1\"> </a><a name=\"TC-HCP1-C1-en-US\"> </a><div style=\"display: inline-block; background-color: #d9e0e7; padding: 6px; margin: 4px; border: 1px solid #8da1b4; border-radius: 5px; line-height: 60%\"><p style=\"margin-bottom: 0px\"/><p style=\"margin-bottom: 0px\">Profile: <a href=\"https://build.fhir.org/ig/hl7ch/ch-core/StructureDefinition-ch-core-practitioner-epr.html\">CH Core Practitioner EPR</a></p></div><p><b>identifier</b>: <a href=\"https://www.gs1.org/standards/id-keys/gln\" title=\"Global Location Number\">GLN</a>/7601888888884</p><p><b>active</b>: true</p><p><b>name</b>: Peter Müller </p><p><b>telecom</b>: ph: tel:+41.32.234.55.66(Work), fax: fax:+41.32.234.55.67(Work), <a href=\"mailto:mailto:allzeit.bereit@gruppenpraxis.ch\">mailto:allzeit.bereit@gruppenpraxis.ch</a>, <a href=\"http://www.gruppenpraxis.ch\">http://www.gruppenpraxis.ch</a></p><p><b>address</b>: Grabenstrasse 2 Zürich 8005 CH </p></div>"
      },
      "identifier" : [{
        "system" : "urn:oid:2.51.1.3",
        "value" : "7601888888884"
      }],
      "active" : true,
      "name" : [{
        "family" : "Müller",
        "given" : ["Peter"],
        "prefix" : ["Dr. med."]
      }],
      "telecom" : [{
        "system" : "phone",
        "value" : "tel:+41.32.234.55.66",
        "use" : "work"
      },
      {
        "system" : "fax",
        "value" : "fax:+41.32.234.55.67",
        "use" : "work"
      },
      {
        "system" : "email",
        "value" : "mailto:allzeit.bereit@gruppenpraxis.ch",
        "use" : "work"
      },
      {
        "system" : "url",
        "value" : "http://www.gruppenpraxis.ch",
        "use" : "work"
      }],
      "address" : [{
        "type" : "physical",
        "line" : ["Grabenstrasse 2"],
        "city" : "Zürich",
        "postalCode" : "8005",
        "country" : "CH"
      }]
    }
  },
  {
    "fullUrl" : "http://test.fhir.ch/r4/Organization/TC-ORG1",
    "resource" : {
      "resourceType" : "Organization",
      "id" : "TC-ORG1",
      "meta" : {
        "profile" : ["http://fhir.ch/ig/ch-core/StructureDefinition/ch-core-organization-epr"]
      },
      "text" : {
        "status" : "generated",
        "div" : "<div xmlns=\"http://www.w3.org/1999/xhtml\"><a name=\"Organization_TC-ORG1\"> </a><p class=\"res-header-id\"><b>Generated Narrative: Organization TC-ORG1</b></p><a name=\"TC-ORG1\"> </a><a name=\"hcTC-ORG1\"> </a><a name=\"TC-ORG1-en-US\"> </a><div style=\"display: inline-block; background-color: #d9e0e7; padding: 6px; margin: 4px; border: 1px solid #8da1b4; border-radius: 5px; line-height: 60%\"><p style=\"margin-bottom: 0px\"/><p style=\"margin-bottom: 0px\">Profile: <a href=\"https://build.fhir.org/ig/hl7ch/ch-core/StructureDefinition-ch-core-organization-epr.html\">CH Core Organization EPR</a></p></div><p><b>identifier</b>: <a href=\"https://www.gs1.org/standards/id-keys/gln\" title=\"Global Location Number\">GLN</a>/7601777777718</p><p><b>name</b>: Gruppenpraxis Müller</p><p><b>telecom</b>: ph: tel:+41.32.234.55.66(Work), fax: fax:+41.32.234.55.67(Work), <a href=\"mailto:mailto:bereit@gruppenpraxis.ch\">mailto:bereit@gruppenpraxis.ch</a>, <a href=\"http://www.gruppenpraxis.ch\">http://www.gruppenpraxis.ch</a></p><p><b>address</b>: Grabenstrasse 2 Zürich ZH 8005 CH </p></div>"
      },
      "identifier" : [{
        "system" : "urn:oid:2.51.1.3",
        "value" : "7601777777718"
      }],
      "name" : "Gruppenpraxis Müller",
      "telecom" : [{
        "system" : "phone",
        "value" : "tel:+41.32.234.55.66",
        "use" : "work"
      },
      {
        "system" : "fax",
        "value" : "fax:+41.32.234.55.67",
        "use" : "work"
      },
      {
        "system" : "email",
        "value" : "mailto:bereit@gruppenpraxis.ch",
        "use" : "work"
      },
      {
        "system" : "url",
        "value" : "http://www.gruppenpraxis.ch",
        "use" : "work"
      }],
      "address" : [{
        "line" : ["Grabenstrasse 2"],
        "city" : "Zürich",
        "state" : "ZH",
        "postalCode" : "8005",
        "country" : "CH"
      }]
    }
  },
  {
    "fullUrl" : "http://test.fhir.ch/r4/PractitionerRole/TC-HCP1-ORG1-ROLE-performer",
    "resource" : {
      "resourceType" : "PractitionerRole",
      "id" : "TC-HCP1-ORG1-ROLE-performer",
      "meta" : {
        "profile" : ["http://fhir.ch/ig/ch-core/StructureDefinition/ch-core-practitionerrole-epr"]
      },
      "text" : {
        "status" : "generated",
        "div" : "<div xmlns=\"http://www.w3.org/1999/xhtml\"><a name=\"PractitionerRole_TC-HCP1-ORG1-ROLE-performer\"> </a><p class=\"res-header-id\"><b>Generated Narrative: PractitionerRole TC-HCP1-ORG1-ROLE-performer</b></p><a name=\"TC-HCP1-ORG1-ROLE-performer\"> </a><a name=\"hcTC-HCP1-ORG1-ROLE-performer\"> </a><a name=\"TC-HCP1-ORG1-ROLE-performer-en-US\"> </a><div style=\"display: inline-block; background-color: #d9e0e7; padding: 6px; margin: 4px; border: 1px solid #8da1b4; border-radius: 5px; line-height: 60%\"><p style=\"margin-bottom: 0px\"/><p style=\"margin-bottom: 0px\">Profile: <a href=\"https://build.fhir.org/ig/hl7ch/ch-core/StructureDefinition-ch-core-practitionerrole-epr.html\">CH Core PractitionerRole EPR</a></p></div><p><b>active</b>: true</p><p><b>practitioner</b>: <a href=\"Practitioner-TC-HCP1-C1.html\">Practitioner Peter Müller </a></p><p><b>organization</b>: <a href=\"Organization-TC-ORG1.html\">Organization Gruppenpraxis Müller</a></p></div>"
      },
      "active" : true,
      "practitioner" : {
        "reference" : "Practitioner/TC-HCP1-C1"
      },
      "organization" : {
        "reference" : "Organization/TC-ORG1"
      }
    }
  },
  {
    "fullUrl" : "http://test.fhir.ch/r4/PractitionerRole/TC-HCP1-ORG1-ROLE-author",
    "resource" : {
      "resourceType" : "PractitionerRole",
      "id" : "TC-HCP1-ORG1-ROLE-author",
      "meta" : {
        "profile" : ["http://fhir.ch/ig/ch-core/StructureDefinition/ch-core-practitionerrole-epr"]
      },
      "text" : {
        "status" : "generated",
        "div" : "<div xmlns=\"http://www.w3.org/1999/xhtml\"><a name=\"PractitionerRole_TC-HCP1-ORG1-ROLE-author\"> </a><p class=\"res-header-id\"><b>Generated Narrative: PractitionerRole TC-HCP1-ORG1-ROLE-author</b></p><a name=\"TC-HCP1-ORG1-ROLE-author\"> </a><a name=\"hcTC-HCP1-ORG1-ROLE-author\"> </a><a name=\"TC-HCP1-ORG1-ROLE-author-en-US\"> </a><div style=\"display: inline-block; background-color: #d9e0e7; padding: 6px; margin: 4px; border: 1px solid #8da1b4; border-radius: 5px; line-height: 60%\"><p style=\"margin-bottom: 0px\"/><p style=\"margin-bottom: 0px\">Profile: <a href=\"https://build.fhir.org/ig/hl7ch/ch-core/StructureDefinition-ch-core-practitionerrole-epr.html\">CH Core PractitionerRole EPR</a></p></div><p><b>active</b>: true</p><p><b>practitioner</b>: <a href=\"Practitioner-TC-HCP1-C1.html\">Practitioner Peter Müller </a></p><p><b>organization</b>: <a href=\"Organization-TC-ORG1.html\">Organization Gruppenpraxis Müller</a></p></div>"
      },
      "active" : true,
      "practitioner" : {
        "reference" : "Practitioner/TC-HCP1-C1"
      },
      "organization" : {
        "reference" : "Organization/TC-ORG1"
      }
    }
  },
  {
    "fullUrl" : "http://test.fhir.ch/r4/Device/TC-Device-Aggregator",
    "resource" : {
      "resourceType" : "Device",
      "id" : "TC-Device-Aggregator",
      "text" : {
        "status" : "generated",
        "div" : "<div xmlns=\"http://www.w3.org/1999/xhtml\"><a name=\"Device_TC-Device-Aggregator\"> </a><p class=\"res-header-id\"><b>Generated Narrative: Device TC-Device-Aggregator</b></p><a name=\"TC-Device-Aggregator\"> </a><a name=\"hcTC-Device-Aggregator\"> </a><a name=\"TC-Device-Aggregator-en-US\"> </a><p><b>identifier</b>: <a href=\"https://www.gs1.org/standards/id-keys/gln\" title=\"Global Location Number\">GLN</a>/7601999999981</p><p><b>status</b>: Active</p><p><b>manufacturer</b>: The Aggregator Company</p><p><b>manufactureDate</b>: 2023-01-01</p><h3>DeviceNames</h3><table class=\"grid\"><tr><td style=\"display: none\">-</td><td><b>Name</b></td><td><b>Type</b></td></tr><tr><td style=\"display: none\">*</td><td>Vaccination Aggregator</td><td>Manufacturer name</td></tr></table><h3>Versions</h3><table class=\"grid\"><tr><td style=\"display: none\">-</td><td><b>Value</b></td></tr><tr><td style=\"display: none\">*</td><td>v1.0.0</td></tr></table><p><b>contact</b>: ph: tel:+41.56.299.55.22(Work), <a href=\"mailto:mailto:resultate@aggregator.ch\">mailto:resultate@aggregator.ch</a>, <a href=\"http://www.aggregator.ch\">http://www.aggregator.ch</a></p><p><b>location</b>: <a href=\"Location-TC-Device-Aggregator-Location.html\">Location: status = active; telecom = ph: tel:+41.56.299.55.22(Work),mailto:resultate@labor-messenalles.ch(Work),http://www.labor-messenalles.ch(Work)</a></p></div>"
      },
      "identifier" : [{
        "system" : "urn:oid:2.51.1.3",
        "value" : "7601999999981"
      }],
      "status" : "active",
      "manufacturer" : "The Aggregator Company",
      "manufactureDate" : "2023-01-01",
      "deviceName" : [{
        "name" : "Vaccination Aggregator",
        "type" : "manufacturer-name"
      }],
      "version" : [{
        "value" : "v1.0.0"
      }],
      "contact" : [{
        "system" : "phone",
        "value" : "tel:+41.56.299.55.22",
        "use" : "work"
      },
      {
        "system" : "email",
        "value" : "mailto:resultate@aggregator.ch",
        "use" : "work"
      },
      {
        "system" : "url",
        "value" : "http://www.aggregator.ch",
        "use" : "work"
      }],
      "location" : {
        "reference" : "Location/TC-Device-Aggregator-Location"
      }
    }
  },
  {
    "fullUrl" : "http://test.fhir.ch/r4/Location/TC-Device-Aggregator-Location",
    "resource" : {
      "resourceType" : "Location",
      "id" : "TC-Device-Aggregator-Location",
      "text" : {
        "status" : "generated",
        "div" : "<div xmlns=\"http://www.w3.org/1999/xhtml\"><a name=\"Location_TC-Device-Aggregator-Location\"> </a><p class=\"res-header-id\"><b>Generated Narrative: Location TC-Device-Aggregator-Location</b></p><a name=\"TC-Device-Aggregator-Location\"> </a><a name=\"hcTC-Device-Aggregator-Location\"> </a><a name=\"TC-Device-Aggregator-Location-en-US\"> </a><p><b>status</b>: Active</p><p><b>telecom</b>: ph: tel:+41.56.299.55.22(Work), <a href=\"mailto:mailto:resultate@labor-messenalles.ch\">mailto:resultate@labor-messenalles.ch</a>, <a href=\"http://www.labor-messenalles.ch\">http://www.labor-messenalles.ch</a></p><p><b>address</b>: Messweg 1 Wissen ZG 6310 CH </p></div>"
      },
      "status" : "active",
      "telecom" : [{
        "system" : "phone",
        "value" : "tel:+41.56.299.55.22",
        "use" : "work"
      },
      {
        "system" : "email",
        "value" : "mailto:resultate@labor-messenalles.ch",
        "use" : "work"
      },
      {
        "system" : "url",
        "value" : "http://www.labor-messenalles.ch",
        "use" : "work"
      }],
      "address" : {
        "line" : ["Messweg 1"],
        "city" : "Wissen",
        "state" : "ZG",
        "postalCode" : "6310",
        "country" : "CH"
      }
    }
  },
  {
    "fullUrl" : "http://test.fhir.ch/r4/Immunization/TCB01-IMMUN1",
    "resource" : {
      "resourceType" : "Immunization",
      "id" : "TCB01-IMMUN1",
      "meta" : {
        "profile" : ["http://fhir.ch/ig/ch-vacd/StructureDefinition/ch-vacd-immunization"]
      },
      "text" : {
        "status" : "extensions",
        "div" : "<div xmlns=\"http://www.w3.org/1999/xhtml\"><a name=\"Immunization_TCB01-IMMUN1\"> </a><p class=\"res-header-id\"><b>Generated Narrative: Immunization TCB01-IMMUN1</b></p><a name=\"TCB01-IMMUN1\"> </a><a name=\"hcTCB01-IMMUN1\"> </a><a name=\"TCB01-IMMUN1-en-US\"> </a><div style=\"display: inline-block; background-color: #d9e0e7; padding: 6px; margin: 4px; border: 1px solid #8da1b4; border-radius: 5px; line-height: 60%\"><p style=\"margin-bottom: 0px\"/><p style=\"margin-bottom: 0px\">Profile: <a href=\"StructureDefinition-ch-vacd-immunization.html\">CH VACD Immunization</a></p></div><p><b>Author of the content</b>: <a href=\"PractitionerRole-TC-HCP1-ORG1-ROLE-author.html\">PractitionerRole</a></p><p><b>CH VACD Extension Immunization Medication Reference</b>: <a href=\"Medication-TC-IMMUN-MEDIC-FSMEIMMCC.html\">Medication FSME-IMMUN CC Inj Susp sep Nadel</a></p><p><b>CH VACD Extension verificationStatus</b>: <a href=\"http://snomed.info/id/59156000\">SNOMED CT 59156000</a>: Confirmed</p><p><b>identifier</b>: <code>urn:oid:2.16.756.5.30.1.402.1.3.1.1.1</code>/urn:uuid:4386ca26-6866-4322-a203-b488b84ab499</p><p><b>status</b>: Completed</p><p><b>vaccineCode</b>: <span title=\"Codes:{http://fhir.ch/ig/ch-vacd/CodeSystem/ch-vacd-swissmedic-cs 450}\">FSME-Immun CC</span></p><p><b>patient</b>: <a href=\"Patient-TC-patient.html\">Monika Wegmueller  Female, DoB: 1967-02-10 ( Medical record number)</a></p><p><b>occurrence</b>: 2021-06-22</p><p><b>recorded</b>: 2021-06-22 11:00:00+0200</p><p><b>lotNumber</b>: 12-34244</p><p><b>route</b>: <span title=\"Codes:{http://standardterms.edqm.eu 20035000}\">Intramuscular use</span></p><h3>Performers</h3><table class=\"grid\"><tr><td style=\"display: none\">-</td><td><b>Actor</b></td></tr><tr><td style=\"display: none\">*</td><td><a href=\"PractitionerRole-TC-HCP1-ORG1-ROLE-performer.html\">PractitionerRole</a></td></tr></table><h3>ProtocolApplieds</h3><table class=\"grid\"><tr><td style=\"display: none\">-</td><td><b>TargetDisease</b></td><td><b>DoseNumber[x]</b></td></tr><tr><td style=\"display: none\">*</td><td><span title=\"Codes:{http://snomed.info/sct 712986001}\">Tickborne encephalitis</span></td><td>1</td></tr></table></div>"
      },
      "extension" : [{
        "url" : "http://fhir.ch/ig/ch-core/StructureDefinition/ch-ext-author",
        "valueReference" : {
          "reference" : "PractitionerRole/TC-HCP1-ORG1-ROLE-author"
        }
      },
      {
        "url" : "http://fhir.ch/ig/ch-vacd/StructureDefinition/ch-vacd-ext-immunization-medication-reference",
        "valueReference" : {
          "reference" : "Medication/TC-IMMUN-MEDIC-FSMEIMMCC"
        }
      },
      {
        "url" : "http://fhir.ch/ig/ch-vacd/StructureDefinition/ch-vacd-ext-verification-status",
        "valueCoding" : {
          "system" : "http://snomed.info/sct",
          "code" : "59156000",
          "display" : "Confirmed"
        }
      }],
      "identifier" : [{
        "system" : "urn:oid:2.16.756.5.30.1.402.1.3.1.1.1",
        "value" : "urn:uuid:4386ca26-6866-4322-a203-b488b84ab499"
      }],
      "status" : "completed",
      "vaccineCode" : {
        "coding" : [{
          "system" : "http://fhir.ch/ig/ch-vacd/CodeSystem/ch-vacd-swissmedic-cs",
          "code" : "450",
          "display" : "FSME-Immun CC"
        }]
      },
      "patient" : {
        "reference" : "Patient/TC-patient"
      },
      "occurrenceDateTime" : "2021-06-22",
      "recorded" : "2021-06-22T11:00:00.390+02:00",
      "lotNumber" : "12-34244",
      "route" : {
        "coding" : [{
          "system" : "http://standardterms.edqm.eu",
          "code" : "20035000",
          "display" : "Intramuscular use"
        }]
      },
      "performer" : [{
        "actor" : {
          "reference" : "PractitionerRole/TC-HCP1-ORG1-ROLE-performer"
        }
      }],
      "protocolApplied" : [{
        "targetDisease" : [{
          "coding" : [{
            "system" : "http://snomed.info/sct",
            "code" : "712986001",
            "display" : "Tickborne encephalitis"
          }]
        }],
        "doseNumberPositiveInt" : 1
      }]
    }
  },
  {
    "fullUrl" : "http://test.fhir.ch/r4/Medication/TC-IMMUN-MEDIC-FSMEIMMCC",
    "resource" : {
      "resourceType" : "Medication",
      "id" : "TC-IMMUN-MEDIC-FSMEIMMCC",
      "meta" : {
        "profile" : ["http://fhir.ch/ig/ch-vacd/StructureDefinition/ch-vacd-medication-for-immunization"]
      },
      "text" : {
        "status" : "generated",
        "div" : "<div xmlns=\"http://www.w3.org/1999/xhtml\"><a name=\"Medication_TC-IMMUN-MEDIC-FSMEIMMCC\"> </a><p class=\"res-header-id\"><b>Generated Narrative: Medication TC-IMMUN-MEDIC-FSMEIMMCC</b></p><a name=\"TC-IMMUN-MEDIC-FSMEIMMCC\"> </a><a name=\"hcTC-IMMUN-MEDIC-FSMEIMMCC\"> </a><a name=\"TC-IMMUN-MEDIC-FSMEIMMCC-en-US\"> </a><div style=\"display: inline-block; background-color: #d9e0e7; padding: 6px; margin: 4px; border: 1px solid #8da1b4; border-radius: 5px; line-height: 60%\"><p style=\"margin-bottom: 0px\"/><p style=\"margin-bottom: 0px\">Profile: <a href=\"StructureDefinition-ch-vacd-medication-for-immunization.html\">CH VACD Medication For Immunization</a></p></div><p><b>identifier</b>: <code>urn:oid:2.16.756.5.30.1.402.1.3.1.1.1</code>/01194ac7-70ad-4259-b5f4-c5ff0c1b40c5</p><p><b>code</b>: <span title=\"Codes:{urn:oid:2.51.1.1 7680004500039}\">FSME-IMMUN CC Inj Susp sep Nadel</span></p><p><b>status</b>: Active</p><p><b>manufacturer</b>: <a href=\"Organization-TC-ORG-PFIZER.html\">Organization Pfizer AG</a></p><p><b>form</b>: <span title=\"Codes:{urn:oid:0.4.0.127.0.16.1.1.2.1 11202000}\">Suspension for injection</span></p><p><b>amount</b>: 0.5 milliliter<span style=\"background: LightGoldenRodYellow\"> (Details: UCUM  codemL = 'mL')</span>/1 Syringe (unit of presentation)<span style=\"background: LightGoldenRodYellow\"> (Details: SNOMED CT  code733020007 = 'Syringe')</span></p><h3>Ingredients</h3><table class=\"grid\"><tr><td style=\"display: none\">-</td><td><b>Item[x]</b></td></tr><tr><td style=\"display: none\">*</td><td><span title=\"Codes:{http://snomed.info/sct 106181007}\">Immunologic substance (substance)</span></td></tr></table><h3>Batches</h3><table class=\"grid\"><tr><td style=\"display: none\">-</td><td><b>LotNumber</b></td></tr><tr><td style=\"display: none\">*</td><td>VNR1T10C</td></tr></table></div>"
      },
      "identifier" : [{
        "system" : "urn:oid:2.16.756.5.30.1.402.1.3.1.1.1",
        "value" : "01194ac7-70ad-4259-b5f4-c5ff0c1b40c5"
      }],
      "code" : {
        "coding" : [{
          "system" : "urn:oid:2.51.1.1",
          "code" : "7680004500039",
          "display" : "FSME-IMMUN CC Inj Susp sep Nadel"
        }],
        "text" : "FSME-IMMUN CC Inj Susp sep Nadel"
      },
      "status" : "active",
      "manufacturer" : {
        "reference" : "Organization/TC-ORG-PFIZER"
      },
      "form" : {
        "coding" : [{
          "system" : "urn:oid:0.4.0.127.0.16.1.1.2.1",
          "code" : "11202000",
          "display" : "Suspension for injection"
        }]
      },
      "amount" : {
        "numerator" : {
          "value" : 0.5,
          "unit" : "milliliter",
          "system" : "http://unitsofmeasure.org",
          "code" : "mL"
        },
        "denominator" : {
          "value" : 1,
          "unit" : "Syringe (unit of presentation)",
          "system" : "http://snomed.info/sct",
          "code" : "733020007"
        }
      },
      "ingredient" : [{
        "itemCodeableConcept" : {
          "coding" : [{
            "system" : "http://snomed.info/sct",
            "code" : "106181007",
            "display" : "Immunologic substance (substance)"
          }],
          "text" : "Immunologic substance (substance)"
        }
      }],
      "batch" : {
        "lotNumber" : "VNR1T10C"
      }
    }
  },
  {
    "fullUrl" : "http://test.fhir.ch/r4/Organization/TC-ORG-PFIZER",
    "resource" : {
      "resourceType" : "Organization",
      "id" : "TC-ORG-PFIZER",
      "meta" : {
        "profile" : ["http://fhir.ch/ig/ch-core/StructureDefinition/ch-core-organization"]
      },
      "text" : {
        "status" : "generated",
        "div" : "<div xmlns=\"http://www.w3.org/1999/xhtml\"><a name=\"Organization_TC-ORG-PFIZER\"> </a><p class=\"res-header-id\"><b>Generated Narrative: Organization TC-ORG-PFIZER</b></p><a name=\"TC-ORG-PFIZER\"> </a><a name=\"hcTC-ORG-PFIZER\"> </a><a name=\"TC-ORG-PFIZER-en-US\"> </a><div style=\"display: inline-block; background-color: #d9e0e7; padding: 6px; margin: 4px; border: 1px solid #8da1b4; border-radius: 5px; line-height: 60%\"><p style=\"margin-bottom: 0px\"/><p style=\"margin-bottom: 0px\">Profile: <a href=\"https://build.fhir.org/ig/hl7ch/ch-core/StructureDefinition-ch-core-organization.html\">CH Core Organization</a></p></div><p><b>identifier</b>: <a href=\"https://www.gs1.org/standards/id-keys/gln\" title=\"Global Location Number\">GLN</a>/7601001010604</p><p><b>name</b>: Pfizer AG</p><p><b>telecom</b>: ph: tel:+41 800 562 825(Work), fax: fax:+41 44 583 07 00(Work), <a href=\"mailto:mailto:customer.ch@pfizer.com\">mailto:customer.ch@pfizer.com</a>, <a href=\"https://www.pfizer.ch\">https://www.pfizer.ch</a></p><p><b>address</b>: Schärenmoosstrasse 99 Postfach Zürich ZH 8052 CH </p></div>"
      },
      "identifier" : [{
        "system" : "urn:oid:2.51.1.3",
        "value" : "7601001010604"
      }],
      "name" : "Pfizer AG",
      "telecom" : [{
        "system" : "phone",
        "value" : "tel:+41 800 562 825",
        "use" : "work"
      },
      {
        "system" : "fax",
        "value" : "fax:+41 44 583 07 00",
        "use" : "work"
      },
      {
        "system" : "email",
        "value" : "mailto:customer.ch@pfizer.com",
        "use" : "work"
      },
      {
        "system" : "url",
        "value" : "https://www.pfizer.ch",
        "use" : "work"
      }],
      "address" : [{
        "line" : ["Schärenmoosstrasse 99",
        "Postfach"],
        "city" : "Zürich",
        "state" : "ZH",
        "postalCode" : "8052",
        "country" : "CH"
      }]
    }
  },
  {
    "fullUrl" : "http://test.fhir.ch/r4/Immunization/TCB01-IMMUN2",
    "resource" : {
      "resourceType" : "Immunization",
      "id" : "TCB01-IMMUN2",
      "meta" : {
        "profile" : ["http://fhir.ch/ig/ch-vacd/StructureDefinition/ch-vacd-immunization"]
      },
      "text" : {
        "status" : "extensions",
        "div" : "<div xmlns=\"http://www.w3.org/1999/xhtml\"><a name=\"Immunization_TCB01-IMMUN2\"> </a><p class=\"res-header-id\"><b>Generated Narrative: Immunization TCB01-IMMUN2</b></p><a name=\"TCB01-IMMUN2\"> </a><a name=\"hcTCB01-IMMUN2\"> </a><a name=\"TCB01-IMMUN2-en-US\"> </a><div style=\"display: inline-block; background-color: #d9e0e7; padding: 6px; margin: 4px; border: 1px solid #8da1b4; border-radius: 5px; line-height: 60%\"><p style=\"margin-bottom: 0px\"/><p style=\"margin-bottom: 0px\">Profile: <a href=\"StructureDefinition-ch-vacd-immunization.html\">CH VACD Immunization</a></p></div><p><b>Author of the content</b>: <a href=\"PractitionerRole-TC-HCP1-ORG1-ROLE-author.html\">PractitionerRole</a></p><p><b>CH VACD Extension Immunization Medication Reference</b>: <a href=\"Medication-TC-IMMUN-MEDIC-BOOSTRIX.html\">Medication BOOSTRIX Inj Susp</a></p><p><b>CH VACD Extension verificationStatus</b>: <a href=\"http://snomed.info/id/59156000\">SNOMED CT 59156000</a>: Confirmed</p><p><b>identifier</b>: <code>urn:oid:2.16.756.5.30.1.402.1.3.1.1.1</code>/urn:uuid:ebcf6de2-ed9c-463c-8b08-cb487af8ce4e</p><p><b>status</b>: Completed</p><p><b>vaccineCode</b>: <span title=\"Codes:{http://fhir.ch/ig/ch-vacd/CodeSystem/ch-vacd-swissmedic-cs 637}\">Boostrix</span></p><p><b>patient</b>: <a href=\"Patient-TC-patient.html\">Monika Wegmueller  Female, DoB: 1967-02-10 ( Medical record number)</a></p><p><b>occurrence</b>: 2020-12-09</p><p><b>recorded</b>: 2020-12-09 11:00:00+0200</p><p><b>lotNumber</b>: AHAVB946A</p><p><b>route</b>: <span title=\"Codes:{http://standardterms.edqm.eu 20035000}\">Intramuscular use</span></p><h3>Performers</h3><table class=\"grid\"><tr><td style=\"display: none\">-</td><td><b>Actor</b></td></tr><tr><td style=\"display: none\">*</td><td><a href=\"PractitionerRole-TC-HCP1-ORG1-ROLE-performer.html\">PractitionerRole</a></td></tr></table><blockquote><p><b>protocolApplied</b></p><p><b>targetDisease</b>: <span title=\"Codes:{http://snomed.info/sct 76902006}\">Tetanus (disorder)</span>, <span title=\"Codes:{http://snomed.info/sct 27836007}\">Pertussis (disorder)</span>, <span title=\"Codes:{http://snomed.info/sct 397430003}\">Diphtheria caused by Corynebacterium diphtheriae (disorder)</span></p><p><b>doseNumber</b>: 1</p></blockquote></div>"
      },
      "extension" : [{
        "url" : "http://fhir.ch/ig/ch-core/StructureDefinition/ch-ext-author",
        "valueReference" : {
          "reference" : "PractitionerRole/TC-HCP1-ORG1-ROLE-author"
        }
      },
      {
        "url" : "http://fhir.ch/ig/ch-vacd/StructureDefinition/ch-vacd-ext-immunization-medication-reference",
        "valueReference" : {
          "reference" : "Medication/TC-IMMUN-MEDIC-BOOSTRIX"
        }
      },
      {
        "url" : "http://fhir.ch/ig/ch-vacd/StructureDefinition/ch-vacd-ext-verification-status",
        "valueCoding" : {
          "system" : "http://snomed.info/sct",
          "code" : "59156000",
          "display" : "Confirmed"
        }
      }],
      "identifier" : [{
        "system" : "urn:oid:2.16.756.5.30.1.402.1.3.1.1.1",
        "value" : "urn:uuid:ebcf6de2-ed9c-463c-8b08-cb487af8ce4e"
      }],
      "status" : "completed",
      "vaccineCode" : {
        "coding" : [{
          "system" : "http://fhir.ch/ig/ch-vacd/CodeSystem/ch-vacd-swissmedic-cs",
          "code" : "637",
          "display" : "Boostrix"
        }]
      },
      "patient" : {
        "reference" : "Patient/TC-patient"
      },
      "occurrenceDateTime" : "2020-12-09",
      "recorded" : "2020-12-09T11:00:00.390+02:00",
      "lotNumber" : "AHAVB946A",
      "route" : {
        "coding" : [{
          "system" : "http://standardterms.edqm.eu",
          "code" : "20035000",
          "display" : "Intramuscular use"
        }]
      },
      "performer" : [{
        "actor" : {
          "reference" : "PractitionerRole/TC-HCP1-ORG1-ROLE-performer"
        }
      }],
      "protocolApplied" : [{
        "targetDisease" : [{
          "coding" : [{
            "system" : "http://snomed.info/sct",
            "code" : "76902006",
            "display" : "Tetanus (disorder)"
          }]
        },
        {
          "coding" : [{
            "system" : "http://snomed.info/sct",
            "code" : "27836007",
            "display" : "Pertussis (disorder)"
          }]
        },
        {
          "coding" : [{
            "system" : "http://snomed.info/sct",
            "code" : "397430003",
            "display" : "Diphtheria caused by Corynebacterium diphtheriae (disorder)"
          }]
        }],
        "doseNumberPositiveInt" : 1
      }]
    }
  },
  {
    "fullUrl" : "http://test.fhir.ch/r4/Medication/TC-IMMUN-MEDIC-BOOSTRIX",
    "resource" : {
      "resourceType" : "Medication",
      "id" : "TC-IMMUN-MEDIC-BOOSTRIX",
      "meta" : {
        "profile" : ["http://fhir.ch/ig/ch-vacd/StructureDefinition/ch-vacd-medication-for-immunization"]
      },
      "text" : {
        "status" : "generated",
        "div" : "<div xmlns=\"http://www.w3.org/1999/xhtml\"><a name=\"Medication_TC-IMMUN-MEDIC-BOOSTRIX\"> </a><p class=\"res-header-id\"><b>Generated Narrative: Medication TC-IMMUN-MEDIC-BOOSTRIX</b></p><a name=\"TC-IMMUN-MEDIC-BOOSTRIX\"> </a><a name=\"hcTC-IMMUN-MEDIC-BOOSTRIX\"> </a><a name=\"TC-IMMUN-MEDIC-BOOSTRIX-en-US\"> </a><div style=\"display: inline-block; background-color: #d9e0e7; padding: 6px; margin: 4px; border: 1px solid #8da1b4; border-radius: 5px; line-height: 60%\"><p style=\"margin-bottom: 0px\"/><p style=\"margin-bottom: 0px\">Profile: <a href=\"StructureDefinition-ch-vacd-medication-for-immunization.html\">CH VACD Medication For Immunization</a></p></div><p><b>identifier</b>: <code>urn:oid:2.16.756.5.30.1.402.1.3.1.1.1</code>/ead68e47-34a6-4534-a658-b718e565fb91</p><p><b>code</b>: <span title=\"Codes:{urn:oid:2.51.1.1 7680006370012}\">BOOSTRIX Inj Susp</span></p><p><b>status</b>: Active</p><p><b>manufacturer</b>: <a href=\"Organization-TC-ORG-GSK.html\">Organization GlaxoSmithKline AG</a></p><p><b>form</b>: <span title=\"Codes:{urn:oid:0.4.0.127.0.16.1.1.2.1 11202000}\">Suspension for injection</span></p><p><b>amount</b>: 0.5 milliliter<span style=\"background: LightGoldenRodYellow\"> (Details: UCUM  codemL = 'mL')</span>/1 Syringe (unit of presentation)<span style=\"background: LightGoldenRodYellow\"> (Details: SNOMED CT  code733020007 = 'Syringe')</span></p><h3>Ingredients</h3><table class=\"grid\"><tr><td style=\"display: none\">-</td><td><b>Item[x]</b></td></tr><tr><td style=\"display: none\">*</td><td><span title=\"Codes:{http://snomed.info/sct 106181007}\">Immunologic substance (substance)</span></td></tr></table><h3>Batches</h3><table class=\"grid\"><tr><td style=\"display: none\">-</td><td><b>LotNumber</b></td></tr><tr><td style=\"display: none\">*</td><td>AHAVB946A</td></tr></table></div>"
      },
      "identifier" : [{
        "system" : "urn:oid:2.16.756.5.30.1.402.1.3.1.1.1",
        "value" : "ead68e47-34a6-4534-a658-b718e565fb91"
      }],
      "code" : {
        "coding" : [{
          "system" : "urn:oid:2.51.1.1",
          "code" : "7680006370012",
          "display" : "BOOSTRIX Inj Susp"
        }],
        "text" : "BOOSTRIX Inj Susp"
      },
      "status" : "active",
      "manufacturer" : {
        "reference" : "Organization/TC-ORG-GSK"
      },
      "form" : {
        "coding" : [{
          "system" : "urn:oid:0.4.0.127.0.16.1.1.2.1",
          "code" : "11202000",
          "display" : "Suspension for injection"
        }]
      },
      "amount" : {
        "numerator" : {
          "value" : 0.5,
          "unit" : "milliliter",
          "system" : "http://unitsofmeasure.org",
          "code" : "mL"
        },
        "denominator" : {
          "value" : 1,
          "unit" : "Syringe (unit of presentation)",
          "system" : "http://snomed.info/sct",
          "code" : "733020007"
        }
      },
      "ingredient" : [{
        "itemCodeableConcept" : {
          "coding" : [{
            "system" : "http://snomed.info/sct",
            "code" : "106181007",
            "display" : "Immunologic substance (substance)"
          }],
          "text" : "Immunologic substance (substance)"
        }
      }],
      "batch" : {
        "lotNumber" : "AHAVB946A"
      }
    }
  },
  {
    "fullUrl" : "http://test.fhir.ch/r4/Organization/TC-ORG-GSK",
    "resource" : {
      "resourceType" : "Organization",
      "id" : "TC-ORG-GSK",
      "meta" : {
        "profile" : ["http://fhir.ch/ig/ch-core/StructureDefinition/ch-core-organization"]
      },
      "text" : {
        "status" : "generated",
        "div" : "<div xmlns=\"http://www.w3.org/1999/xhtml\"><a name=\"Organization_TC-ORG-GSK\"> </a><p class=\"res-header-id\"><b>Generated Narrative: Organization TC-ORG-GSK</b></p><a name=\"TC-ORG-GSK\"> </a><a name=\"hcTC-ORG-GSK\"> </a><a name=\"TC-ORG-GSK-en-US\"> </a><div style=\"display: inline-block; background-color: #d9e0e7; padding: 6px; margin: 4px; border: 1px solid #8da1b4; border-radius: 5px; line-height: 60%\"><p style=\"margin-bottom: 0px\"/><p style=\"margin-bottom: 0px\">Profile: <a href=\"https://build.fhir.org/ig/hl7ch/ch-core/StructureDefinition-ch-core-organization.html\">CH Core Organization</a></p></div><p><b>identifier</b>: <a href=\"https://www.gs1.org/standards/id-keys/gln\" title=\"Global Location Number\">GLN</a>/7601001000674</p><p><b>name</b>: GlaxoSmithKline AG</p><p><b>telecom</b>: ph: tel:+41 31 862 21 11(Work), fax: fax:+41 31 862 22 00(Work), <a href=\"mailto:mailto:swiss.info@gsk.com\">mailto:swiss.info@gsk.com</a>, <a href=\"https://www.gsk.com\">https://www.gsk.com</a></p><p><b>address</b>: Talstrasse 3-5 Münchenbuchsee BE 3053 CH </p></div>"
      },
      "identifier" : [{
        "system" : "urn:oid:2.51.1.3",
        "value" : "7601001000674"
      }],
      "name" : "GlaxoSmithKline AG",
      "telecom" : [{
        "system" : "phone",
        "value" : "tel:+41 31 862 21 11",
        "use" : "work"
      },
      {
        "system" : "fax",
        "value" : "fax:+41 31 862 22 00",
        "use" : "work"
      },
      {
        "system" : "email",
        "value" : "mailto:swiss.info@gsk.com",
        "use" : "work"
      },
      {
        "system" : "url",
        "value" : "https://www.gsk.com",
        "use" : "work"
      }],
      "address" : [{
        "line" : ["Talstrasse 3-5"],
        "city" : "Münchenbuchsee",
        "state" : "BE",
        "postalCode" : "3053",
        "country" : "CH"
      }]
    }
  },
  {
    "fullUrl" : "http://test.fhir.ch/r4/Condition/TCC03-EXPRISK1",
    "resource" : {
      "resourceType" : "Condition",
      "id" : "TCC03-EXPRISK1",
      "meta" : {
        "profile" : ["http://fhir.ch/ig/ch-vacd/StructureDefinition/ch-vacd-medical-problems"]
      },
      "language" : "en-US",
      "text" : {
        "status" : "extensions",
        "div" : "<div xmlns=\"http://www.w3.org/1999/xhtml\" xml:lang=\"en-US\" lang=\"en-US\"><a name=\"Condition_TCC03-EXPRISK1\"> </a><p class=\"res-header-id\"><b>Generated Narrative: Condition TCC03-EXPRISK1</b></p><a name=\"TCC03-EXPRISK1\"> </a><a name=\"hcTCC03-EXPRISK1\"> </a><a name=\"TCC03-EXPRISK1-en-US\"> </a><div style=\"display: inline-block; background-color: #d9e0e7; padding: 6px; margin: 4px; border: 1px solid #8da1b4; border-radius: 5px; line-height: 60%\"><p style=\"margin-bottom: 0px\">Language: en-US</p><p style=\"margin-bottom: 0px\">Profile: <a href=\"StructureDefinition-ch-vacd-medical-problems.html\">CH VACD Medical Problems</a></p></div><blockquote><p><b>Entry Resource Cross References</b></p><ul><li>entry: Identifier: <code>urn:oid:2.16.756.5.30.1.402.1.3.1.1.1</code>/30327ea1-6893-4c65-896e-c32c394f1ec6</li><li>container: Identifier: <a href=\"http://terminology.hl7.org/6.3.0/NamingSystem-uri.html\" title=\"As defined by RFC 3986 (http://www.ietf.org/rfc/rfc3986.txt)(with many schemes defined in many RFCs). For OIDs and UUIDs, use the URN form (urn:oid:(note: lowercase) and urn:uuid:). See http://www.ietf.org/rfc/rfc3001.txt and http://www.ietf.org/rfc/rfc4122.txt \r\n\r\nThis oid is used as an identifier II.root to indicate the the extension is an absolute URI (technically, an IRI). Typically, this is used for OIDs and GUIDs. Note that when this OID is used with OIDs and GUIDs, the II.extension should start with urn:oid or urn:uuid: \r\n\r\nNote that this OID is created to aid with interconversion between CDA and FHIR - FHIR uses urn:ietf:rfc:3986 as equivalent to this OID. URIs as identifiers appear more commonly in FHIR.\r\n\r\nThis OID may also be used in CD.codeSystem.\">Uniform Resource Identifier (URI)</a>/urn:uuid:ddd50da7-3358-4d36-85cf-569ba7473dc5</li><li>relationcode: replaces</li></ul></blockquote><p><b>identifier</b>: <code>urn:oid:2.16.756.5.30.1.402.1.3.1.1.2</code>/30327ea1-6893-4c65-896e-c32c394f1ec6</p><p><b>clinicalStatus</b>: <span title=\"Codes:{http://terminology.hl7.org/CodeSystem/condition-clinical inactive}\">Inactive</span></p><p><b>verificationStatus</b>: <span title=\"Codes:{http://terminology.hl7.org/CodeSystem/condition-ver-status refuted}\">Refuted</span></p><p><b>category</b>: <span title=\"Codes:{http://terminology.hl7.org/CodeSystem/condition-category problem-list-item}\">Problem List Item</span></p><p><b>code</b>: <span title=\"Codes:{http://snomed.info/sct 223366009}\">Healthcare professional (occupation)</span></p><p><b>subject</b>: <a href=\"Patient-TC-patient.html\">Monika Wegmueller  Female, DoB: 1967-02-10 ( Medical record number)</a></p><p><b>onset</b>: 2021-10-01</p><p><b>abatement</b>: 2021-12-20</p><p><b>recordedDate</b>: 2021-12-20</p><p><b>recorder</b>: <a href=\"PractitionerRole-TC-HCP1-ORG1-ROLE-author.html\">PractitionerRole</a></p></div>"
      },
      "extension" : [{
        "extension" : [{
          "url" : "entry",
          "valueReference" : {
            "type" : "Condition",
            "identifier" : {
              "system" : "urn:oid:2.16.756.5.30.1.402.1.3.1.1.1",
              "value" : "30327ea1-6893-4c65-896e-c32c394f1ec6"
            }
          }
        },
        {
          "url" : "container",
          "valueReference" : {
            "type" : "Composition",
            "identifier" : {
              "system" : "urn:ietf:rfc:3986",
              "value" : "urn:uuid:ddd50da7-3358-4d36-85cf-569ba7473dc5"
            }
          }
        },
        {
          "url" : "relationcode",
          "valueCode" : "replaces"
        }],
        "url" : "http://fhir.ch/ig/ch-core/StructureDefinition/ch-core-ext-entry-resource-cross-references"
      }],
      "identifier" : [{
        "system" : "urn:oid:2.16.756.5.30.1.402.1.3.1.1.2",
        "value" : "30327ea1-6893-4c65-896e-c32c394f1ec6"
      }],
      "clinicalStatus" : {
        "coding" : [{
          "system" : "http://terminology.hl7.org/CodeSystem/condition-clinical",
          "code" : "inactive",
          "display" : "Inactive"
        }]
      },
      "verificationStatus" : {
        "coding" : [{
          "system" : "http://terminology.hl7.org/CodeSystem/condition-ver-status",
          "code" : "refuted",
          "display" : "Refuted"
        }]
      },
      "category" : [{
        "coding" : [{
          "system" : "http://terminology.hl7.org/CodeSystem/condition-category",
          "code" : "problem-list-item",
          "display" : "Problem List Item"
        }]
      }],
      "code" : {
        "coding" : [{
          "system" : "http://snomed.info/sct",
          "code" : "223366009",
          "display" : "Healthcare professional (occupation)"
        }]
      },
      "subject" : {
        "reference" : "Patient/TC-patient"
      },
      "onsetDateTime" : "2021-10-01",
      "abatementDateTime" : "2021-12-20",
      "recordedDate" : "2021-12-20",
      "recorder" : {
        "reference" : "PractitionerRole/TC-HCP1-ORG1-ROLE-author"
      }
    }
  }]
}