{
  "resourceType" : "Bundle",
  "id" : "B-D5-HCP1-C1",
  "meta" : {
    "profile" : ["http://fhir.ch/ig/ch-vacd/StructureDefinition/ch-vacd-document-immunization-administration"]
  },
  "identifier" : {
    "system" : "urn:ietf:rfc:3986",
    "value" : "urn:uuid:6cb72c8a-fadf-4711-a0ec-44b747c1553d"
  },
  "type" : "document",
  "timestamp" : "2021-10-20T14:00:00.390+02:00",
  "entry" : [{
    "fullUrl" : "http://test.fhir.ch/r4/Composition/B-D5-HCP1-C1-Composition",
    "resource" : {
      "resourceType" : "Composition",
      "id" : "B-D5-HCP1-C1-Composition",
      "meta" : {
        "profile" : ["http://fhir.ch/ig/ch-vacd/StructureDefinition/ch-vacd-composition-immunization-administration"]
      },
      "language" : "en-US",
      "text" : {
        "status" : "generated",
        "div" : "<div xmlns=\"http://www.w3.org/1999/xhtml\" xml:lang=\"en-US\" lang=\"en-US\"><h3>Immunization Administration</h3><p><b>Id: </b>B-D5-HCP1-C1-Composition</p><p><b>Identifier: </b><span>urn:ietf:rfc:3986#urn:uuid:6cb72c8a-fadf-4711-a0ec-44b747c1553d</span></p><p><b>Status: </b>Final</p><p><b>Code: </b><span>Immunization record (http://snomed.info/sct#41000179103)</span></p><p><b>Patient: </b><a href=\"Patient-TC-patient.html\">Patient/TC-patient</a> Wegmueller Monika</p><p><b>Date: </b>October 20, 2021</p><p><b>Authors:</b></p><table><tr><td><p><a href=\"Practitioner-TC-HCP1-C1.html\">Practitioner/TC-HCP1-C1</a> Bereit Allzeit</p><p><a href=\"Organization-TC-ORG1.html\">Organization/TC-ORG1</a> Gruppenpraxis CH</p></td></tr></table><p><b>Confidentiality: </b>null<span> Normal (qualifier value) (http://snomed.info/sct#17621005)</span></p><p><b>Sections:</b></p><table><tr><td>Laboratory-Serology</td></tr></table></div>"
      },
      "identifier" : {
        "system" : "urn:ietf:rfc:3986",
        "value" : "urn:uuid:6cb72c8a-fadf-4711-a0ec-44b747c1553d"
      },
      "status" : "final",
      "type" : {
        "coding" : [{
          "system" : "http://snomed.info/sct",
          "code" : "41000179103",
          "display" : "Immunization record"
        }]
      },
      "category" : [{
        "coding" : [{
          "system" : "urn:oid:2.16.756.5.30.1.127.3.10.10",
          "code" : "urn:che:epr:ch-vacd:immunization-administration:2022"
        }]
      }],
      "subject" : {
        "reference" : "Patient/TC-patient"
      },
      "date" : "2021-10-20T14:00:00.390+02:00",
      "author" : [{
        "reference" : "PractitionerRole/TC-HCP1-ORG1-ROLE-author"
      }],
      "title" : "Immunization Administration",
      "confidentiality" : "N",
      "_confidentiality" : {
        "extension" : [{
          "url" : "http://fhir.ch/ig/ch-core/StructureDefinition/ch-ext-epr-confidentialitycode",
          "valueCodeableConcept" : {
            "coding" : [{
              "system" : "http://snomed.info/sct",
              "code" : "17621005",
              "display" : "Normal (qualifier value)"
            }]
          }
        }]
      },
      "custodian" : {
        "reference" : "Organization/TC-ORG1"
      },
      "section" : [{
        "id" : "laboratory-serology",
        "title" : "Laboratory-Serology",
        "code" : {
          "coding" : [{
            "system" : "http://loinc.org",
            "code" : "18727-8",
            "display" : "Serology studies (set)"
          }]
        },
        "text" : {
          "status" : "generated",
          "div" : "<div xmlns=\"http://www.w3.org/1999/xhtml\" xml:lang=\"en-US\" lang=\"en-US\"><p><b>Code: </b><span>Serology studies (set) (http://loinc.org#18727-8)</span></p><p><b>Entries:</b></p><table><tr><td><a href=\"Observation-TCB04-LABRES1.html\">Observation/TCB04-LABRES1</a></td></tr></table></div>"
        },
        "entry" : [{
          "reference" : "Observation/TCB04-LABRES1"
        }]
      }]
    }
  },
  {
    "fullUrl" : "http://test.fhir.ch/r4/Patient/TC-patient",
    "resource" : {
      "resourceType" : "Patient",
      "id" : "TC-patient",
      "meta" : {
        "profile" : ["http://fhir.ch/ig/ch-core/StructureDefinition/ch-core-patient-epr"]
      },
      "text" : {
        "status" : "generated",
        "div" : "<div xmlns=\"http://www.w3.org/1999/xhtml\"><a name=\"Patient_TC-patient\"> </a><p class=\"res-header-id\"><b>Generated Narrative: Patient TC-patient</b></p><a name=\"TC-patient\"> </a><a name=\"hcTC-patient\"> </a><a name=\"TC-patient-en-US\"> </a><div style=\"display: inline-block; background-color: #d9e0e7; padding: 6px; margin: 4px; border: 1px solid #8da1b4; border-radius: 5px; line-height: 60%\"><p style=\"margin-bottom: 0px\"/><p style=\"margin-bottom: 0px\">Profile: <a href=\"https://build.fhir.org/ig/hl7ch/ch-core/StructureDefinition-ch-core-patient-epr.html\">CH Core Patient EPR</a></p></div><p style=\"border: 1px #661aff solid; background-color: #e6e6ff; padding: 10px;\">Monika Wegmueller  Female, DoB: 1967-02-10 ( Medical record number)</p><hr/><table class=\"grid\"><tr><td style=\"background-color: #f3f5da\" title=\"Ways to contact the Patient\">Contact Detail</td><td colspan=\"3\"><ul><li>ph: tel:+41.32.685.12.34(Home)</li><li>Leidensweg 10 Specimendorf 9876 CH </li></ul></td></tr></table></div>"
      },
      "identifier" : [{
        "type" : {
          "coding" : [{
            "system" : "http://terminology.hl7.org/CodeSystem/v2-0203",
            "code" : "MR"
          }]
        },
        "system" : "urn:oid:1.2.3.4",
        "value" : "12345678"
      }],
      "name" : [{
        "family" : "Wegmueller",
        "given" : ["Monika"]
      }],
      "telecom" : [{
        "system" : "phone",
        "value" : "tel:+41.32.685.12.34",
        "use" : "home"
      }],
      "gender" : "female",
      "birthDate" : "1967-02-10",
      "address" : [{
        "type" : "both",
        "line" : ["Leidensweg 10"],
        "city" : "Specimendorf",
        "postalCode" : "9876",
        "country" : "CH"
      }]
    }
  },
  {
    "fullUrl" : "http://test.fhir.ch/r4/Organization/TC-ORG1",
    "resource" : {
      "resourceType" : "Organization",
      "id" : "TC-ORG1",
      "meta" : {
        "profile" : ["http://fhir.ch/ig/ch-core/StructureDefinition/ch-core-organization-epr"]
      },
      "text" : {
        "status" : "generated",
        "div" : "<div xmlns=\"http://www.w3.org/1999/xhtml\"><a name=\"Organization_TC-ORG1\"> </a><p class=\"res-header-id\"><b>Generated Narrative: Organization TC-ORG1</b></p><a name=\"TC-ORG1\"> </a><a name=\"hcTC-ORG1\"> </a><a name=\"TC-ORG1-en-US\"> </a><div style=\"display: inline-block; background-color: #d9e0e7; padding: 6px; margin: 4px; border: 1px solid #8da1b4; border-radius: 5px; line-height: 60%\"><p style=\"margin-bottom: 0px\"/><p style=\"margin-bottom: 0px\">Profile: <a href=\"https://build.fhir.org/ig/hl7ch/ch-core/StructureDefinition-ch-core-organization-epr.html\">CH Core Organization EPR</a></p></div><p><b>identifier</b>: <a href=\"https://www.gs1.org/standards/id-keys/gln\" title=\"Global Location Number\">GLN</a>/7601777777718</p><p><b>name</b>: Gruppenpraxis Müller</p><p><b>telecom</b>: ph: tel:+41.32.234.55.66(Work), fax: fax:+41.32.234.55.67(Work), <a href=\"mailto:mailto:bereit@gruppenpraxis.ch\">mailto:bereit@gruppenpraxis.ch</a>, <a href=\"http://www.gruppenpraxis.ch\">http://www.gruppenpraxis.ch</a></p><p><b>address</b>: Grabenstrasse 2 Zürich ZH 8005 CH </p></div>"
      },
      "identifier" : [{
        "system" : "urn:oid:2.51.1.3",
        "value" : "7601777777718"
      }],
      "name" : "Gruppenpraxis Müller",
      "telecom" : [{
        "system" : "phone",
        "value" : "tel:+41.32.234.55.66",
        "use" : "work"
      },
      {
        "system" : "fax",
        "value" : "fax:+41.32.234.55.67",
        "use" : "work"
      },
      {
        "system" : "email",
        "value" : "mailto:bereit@gruppenpraxis.ch",
        "use" : "work"
      },
      {
        "system" : "url",
        "value" : "http://www.gruppenpraxis.ch",
        "use" : "work"
      }],
      "address" : [{
        "line" : ["Grabenstrasse 2"],
        "city" : "Zürich",
        "state" : "ZH",
        "postalCode" : "8005",
        "country" : "CH"
      }]
    }
  },
  {
    "fullUrl" : "http://test.fhir.ch/r4/Practitioner/TC-HCP1-C1",
    "resource" : {
      "resourceType" : "Practitioner",
      "id" : "TC-HCP1-C1",
      "meta" : {
        "profile" : ["http://fhir.ch/ig/ch-core/StructureDefinition/ch-core-practitioner-epr"]
      },
      "text" : {
        "status" : "generated",
        "div" : "<div xmlns=\"http://www.w3.org/1999/xhtml\"><a name=\"Practitioner_TC-HCP1-C1\"> </a><p class=\"res-header-id\"><b>Generated Narrative: Practitioner TC-HCP1-C1</b></p><a name=\"TC-HCP1-C1\"> </a><a name=\"hcTC-HCP1-C1\"> </a><a name=\"TC-HCP1-C1-en-US\"> </a><div style=\"display: inline-block; background-color: #d9e0e7; padding: 6px; margin: 4px; border: 1px solid #8da1b4; border-radius: 5px; line-height: 60%\"><p style=\"margin-bottom: 0px\"/><p style=\"margin-bottom: 0px\">Profile: <a href=\"https://build.fhir.org/ig/hl7ch/ch-core/StructureDefinition-ch-core-practitioner-epr.html\">CH Core Practitioner EPR</a></p></div><p><b>identifier</b>: <a href=\"https://www.gs1.org/standards/id-keys/gln\" title=\"Global Location Number\">GLN</a>/7601888888884</p><p><b>active</b>: true</p><p><b>name</b>: Peter Müller </p><p><b>telecom</b>: ph: tel:+41.32.234.55.66(Work), fax: fax:+41.32.234.55.67(Work), <a href=\"mailto:mailto:allzeit.bereit@gruppenpraxis.ch\">mailto:allzeit.bereit@gruppenpraxis.ch</a>, <a href=\"http://www.gruppenpraxis.ch\">http://www.gruppenpraxis.ch</a></p><p><b>address</b>: Grabenstrasse 2 Zürich 8005 CH </p></div>"
      },
      "identifier" : [{
        "system" : "urn:oid:2.51.1.3",
        "value" : "7601888888884"
      }],
      "active" : true,
      "name" : [{
        "family" : "Müller",
        "given" : ["Peter"],
        "prefix" : ["Dr. med."]
      }],
      "telecom" : [{
        "system" : "phone",
        "value" : "tel:+41.32.234.55.66",
        "use" : "work"
      },
      {
        "system" : "fax",
        "value" : "fax:+41.32.234.55.67",
        "use" : "work"
      },
      {
        "system" : "email",
        "value" : "mailto:allzeit.bereit@gruppenpraxis.ch",
        "use" : "work"
      },
      {
        "system" : "url",
        "value" : "http://www.gruppenpraxis.ch",
        "use" : "work"
      }],
      "address" : [{
        "type" : "physical",
        "line" : ["Grabenstrasse 2"],
        "city" : "Zürich",
        "postalCode" : "8005",
        "country" : "CH"
      }]
    }
  },
  {
    "fullUrl" : "http://test.fhir.ch/r4/PractitionerRole/TC-HCP1-ORG1-ROLE-author",
    "resource" : {
      "resourceType" : "PractitionerRole",
      "id" : "TC-HCP1-ORG1-ROLE-author",
      "meta" : {
        "profile" : ["http://fhir.ch/ig/ch-core/StructureDefinition/ch-core-practitionerrole-epr"]
      },
      "text" : {
        "status" : "generated",
        "div" : "<div xmlns=\"http://www.w3.org/1999/xhtml\"><a name=\"PractitionerRole_TC-HCP1-ORG1-ROLE-author\"> </a><p class=\"res-header-id\"><b>Generated Narrative: PractitionerRole TC-HCP1-ORG1-ROLE-author</b></p><a name=\"TC-HCP1-ORG1-ROLE-author\"> </a><a name=\"hcTC-HCP1-ORG1-ROLE-author\"> </a><a name=\"TC-HCP1-ORG1-ROLE-author-en-US\"> </a><div style=\"display: inline-block; background-color: #d9e0e7; padding: 6px; margin: 4px; border: 1px solid #8da1b4; border-radius: 5px; line-height: 60%\"><p style=\"margin-bottom: 0px\"/><p style=\"margin-bottom: 0px\">Profile: <a href=\"https://build.fhir.org/ig/hl7ch/ch-core/StructureDefinition-ch-core-practitionerrole-epr.html\">CH Core PractitionerRole EPR</a></p></div><p><b>active</b>: true</p><p><b>practitioner</b>: <a href=\"Practitioner-TC-HCP1-C1.html\">Practitioner Peter Müller </a></p><p><b>organization</b>: <a href=\"Organization-TC-ORG1.html\">Organization Gruppenpraxis Müller</a></p></div>"
      },
      "active" : true,
      "practitioner" : {
        "reference" : "Practitioner/TC-HCP1-C1"
      },
      "organization" : {
        "reference" : "Organization/TC-ORG1"
      }
    }
  },
  {
    "fullUrl" : "http://test.fhir.ch/r4/Observation/TCB04-LABRES1",
    "resource" : {
      "resourceType" : "Observation",
      "id" : "TCB04-LABRES1",
      "meta" : {
        "profile" : ["http://fhir.ch/ig/ch-vacd/StructureDefinition/ch-vacd-laboratory-serology"]
      },
      "text" : {
        "status" : "extensions",
        "div" : "<div xmlns=\"http://www.w3.org/1999/xhtml\"><a name=\"Observation_TCB04-LABRES1\"> </a><p class=\"res-header-id\"><b>Generated Narrative: Observation TCB04-LABRES1</b></p><a name=\"TCB04-LABRES1\"> </a><a name=\"hcTCB04-LABRES1\"> </a><a name=\"TCB04-LABRES1-en-US\"> </a><div style=\"display: inline-block; background-color: #d9e0e7; padding: 6px; margin: 4px; border: 1px solid #8da1b4; border-radius: 5px; line-height: 60%\"><p style=\"margin-bottom: 0px\"/><p style=\"margin-bottom: 0px\">Profile: <a href=\"StructureDefinition-ch-vacd-laboratory-serology.html\">CH VACD Laboratory And Serology</a></p></div><p><b>CH VACD Extension verificationStatus</b>: <a href=\"http://snomed.info/id/59156000\">SNOMED CT 59156000</a>: Confirmed</p><p><b>identifier</b>: <code>urn:oid:2.16.756.5.30.1.402.1.3.1.1.2</code>/135f604f-f5c8-4e9b-a49b-5f34cdb9cf60</p><p><b>status</b>: Final</p><p><b>code</b>: <span title=\"Codes:{http://loinc.org 16935-9}\">Hepatitis B virus surface Ab [Units/volume] in Serum</span></p><p><b>subject</b>: <a href=\"Patient-TC-patient.html\">Monika Wegmueller  Female, DoB: 1967-02-10 ( Medical record number)</a></p><p><b>effective</b>: 2021-10-01</p><p><b>performer</b>: <a href=\"Organization-TC-ORG3.html\">Organization Labor Wir Messen Alles</a></p><p><b>value</b>: 99 [iU]/L<span style=\"background: LightGoldenRodYellow\"> (Details: UCUM  code[iU]/L = '[iU]/L')</span></p><p><b>interpretation</b>: <span title=\"Codes:{http://terminology.hl7.org/CodeSystem/v3-ObservationInterpretation POS}\">Positive</span></p></div>"
      },
      "extension" : [{
        "url" : "http://fhir.ch/ig/ch-vacd/StructureDefinition/ch-vacd-ext-verification-status",
        "valueCoding" : {
          "system" : "http://snomed.info/sct",
          "code" : "59156000",
          "display" : "Confirmed"
        }
      }],
      "identifier" : [{
        "system" : "urn:oid:2.16.756.5.30.1.402.1.3.1.1.2",
        "value" : "135f604f-f5c8-4e9b-a49b-5f34cdb9cf60"
      }],
      "status" : "final",
      "code" : {
        "coding" : [{
          "system" : "http://loinc.org",
          "code" : "16935-9",
          "display" : "Hepatitis B virus surface Ab [Units/volume] in Serum"
        }]
      },
      "subject" : {
        "reference" : "Patient/TC-patient"
      },
      "effectiveDateTime" : "2021-10-01",
      "performer" : [{
        "reference" : "Organization/TC-ORG3"
      }],
      "valueQuantity" : {
        "value" : 99,
        "unit" : "[iU]/L",
        "system" : "http://unitsofmeasure.org",
        "code" : "[iU]/L"
      },
      "interpretation" : [{
        "coding" : [{
          "system" : "http://terminology.hl7.org/CodeSystem/v3-ObservationInterpretation",
          "code" : "POS",
          "display" : "Positive"
        }]
      }]
    }
  },
  {
    "fullUrl" : "http://test.fhir.ch/r4/Organization/TC-ORG3",
    "resource" : {
      "resourceType" : "Organization",
      "id" : "TC-ORG3",
      "meta" : {
        "profile" : ["http://fhir.ch/ig/ch-core/StructureDefinition/ch-core-organization"]
      },
      "text" : {
        "status" : "generated",
        "div" : "<div xmlns=\"http://www.w3.org/1999/xhtml\"><a name=\"Organization_TC-ORG3\"> </a><p class=\"res-header-id\"><b>Generated Narrative: Organization TC-ORG3</b></p><a name=\"TC-ORG3\"> </a><a name=\"hcTC-ORG3\"> </a><a name=\"TC-ORG3-en-US\"> </a><div style=\"display: inline-block; background-color: #d9e0e7; padding: 6px; margin: 4px; border: 1px solid #8da1b4; border-radius: 5px; line-height: 60%\"><p style=\"margin-bottom: 0px\"/><p style=\"margin-bottom: 0px\">Profile: <a href=\"https://build.fhir.org/ig/hl7ch/ch-core/StructureDefinition-ch-core-organization.html\">CH Core Organization</a></p></div><p><b>identifier</b>: <a href=\"https://www.gs1.org/standards/id-keys/gln\" title=\"Global Location Number\">GLN</a>/7601999999981</p><p><b>name</b>: Labor Wir Messen Alles</p><p><b>telecom</b>: ph: tel:+41.56.299.55.22(Work), <a href=\"mailto:mailto:resultate@labor-messenalles.ch\">mailto:resultate@labor-messenalles.ch</a>, <a href=\"http://www.labor-messenalles.ch\">http://www.labor-messenalles.ch</a></p><p><b>address</b>: Messweg 1 Wissen ZG 6310 CH </p></div>"
      },
      "identifier" : [{
        "system" : "urn:oid:2.51.1.3",
        "value" : "7601999999981"
      }],
      "name" : "Labor Wir Messen Alles",
      "telecom" : [{
        "system" : "phone",
        "value" : "tel:+41.56.299.55.22",
        "use" : "work"
      },
      {
        "system" : "email",
        "value" : "mailto:resultate@labor-messenalles.ch",
        "use" : "work"
      },
      {
        "system" : "url",
        "value" : "http://www.labor-messenalles.ch",
        "use" : "work"
      }],
      "address" : [{
        "line" : ["Messweg 1"],
        "city" : "Wissen",
        "state" : "ZG",
        "postalCode" : "6310",
        "country" : "CH"
      }]
    }
  }]
}