{
  "resourceType" : "Composition",
  "id" : "RDD02-Composition-b",
  "meta" : {
    "profile" : ["http://fhir.ch/ig/ch-vacd/StructureDefinition/ch-vacd-composition-vaccination-record"]
  },
  "language" : "en-US",
  "text" : {
    "status" : "generated",
    "div" : "<div xmlns=\"http://www.w3.org/1999/xhtml\" xml:lang=\"en-US\" lang=\"en-US\"><h3>Vaccination Record</h3><p><b>Id: </b>RDD02-Composition</p><p><b>Identifier: </b><span>urn:ietf:rfc:3986#urn:uuid:aa87184e-a12f-43b6-a32d-cf3bcac2b665</span></p><p><b>Status: </b>Final</p><p><b>Code: </b><span>Immunization record (http://snomed.info/sct#41000179103)</span></p><p><b>Patient: </b><a href=\"Patient-TC-patient.html\">Patient/TC-patient</a> Wegmueller Monika</p><p><b>Date: </b>December 20, 2021</p><p><b>Authors:</b></p><table><tr><td><p><a href=\"Patient-TC-patient.html\">Patient/TC-patient</a> Wegmueller Monika</p></td></tr></table><p><b>Confidentiality: </b>null<span> Normal (qualifier value) (http://snomed.info/sct#17621005)</span></p><p><b>Sections:</b></p><table><tr><td>Immunization Administration</td></tr><tr><td>Previous illnesses</td></tr><tr><td>Medical Problems</td></tr></table></div>"
  },
  "identifier" : {
    "system" : "urn:ietf:rfc:3986",
    "value" : "urn:uuid:c9772f65-f4c7-4446-b7cd-14e784427186"
  },
  "status" : "final",
  "type" : {
    "coding" : [{
      "system" : "http://snomed.info/sct",
      "code" : "41000179103",
      "display" : "Immunization record"
    }]
  },
  "category" : [{
    "coding" : [{
      "system" : "urn:oid:2.16.756.5.30.1.127.3.10.10",
      "code" : "urn:che:epr:ch-vacd:vaccination-record:2022"
    }]
  }],
  "subject" : {
    "reference" : "Patient/TC-patient"
  },
  "date" : "2021-12-20T10:00:00.390+02:00",
  "author" : [{
    "reference" : "Device/TC-Device-Aggregator"
  }],
  "title" : "Vaccination Record",
  "confidentiality" : "N",
  "_confidentiality" : {
    "extension" : [{
      "url" : "http://fhir.ch/ig/ch-core/StructureDefinition/ch-ext-epr-confidentialitycode",
      "valueCodeableConcept" : {
        "coding" : [{
          "system" : "http://snomed.info/sct",
          "code" : "17621005",
          "display" : "Normal (qualifier value)"
        }]
      }
    }]
  },
  "custodian" : {
    "reference" : "Organization/TC-ORG1"
  },
  "section" : [{
    "id" : "administration",
    "title" : "Immunization Administration",
    "code" : {
      "coding" : [{
        "system" : "http://loinc.org",
        "code" : "11369-6",
        "display" : "Hx of Immunization"
      }]
    },
    "text" : {
      "status" : "generated",
      "div" : "<div xmlns=\"http://www.w3.org/1999/xhtml\" xml:lang=\"en-US\" lang=\"en-US\"><p><b>Code: </b><span>Hx of Immunization (http://loinc.org#11369-6)</span></p><p><b>Entries:</b></p><table><tr><td><a href=\"Immunization-TCD01-IMMUN1.html\">Immunization/TCD01-IMMUN1</a></td></tr><tr><td><a href=\"Immunization-TCD01-IMMUN2-2.html\">Immunization/TCD01-IMMUN2-2</a></td></tr><tr><td><a href=\"Immunization-TCD01-IMMUN3-2.html\">Immunization/TCD01-IMMUN3-2</a></td></tr><tr><td><a href=\"Immunization-TCD01-IMMUN4.html\">Immunization/TCD01-IMMUN4</a></td></tr><tr><td><a href=\"Immunization-TCD01-IMMUN5.html\">Immunization/TCD01-IMMUN5</a></td></tr></table></div>"
    },
    "entry" : [{
      "reference" : "Immunization/TCD01-IMMUN1"
    },
    {
      "reference" : "Immunization/TCD01-IMMUN2-2"
    },
    {
      "reference" : "Immunization/TCD01-IMMUN3-2"
    },
    {
      "reference" : "Immunization/TCD01-IMMUN4"
    },
    {
      "reference" : "Immunization/TCD01-IMMUN5"
    }]
  },
  {
    "id" : "pastillnesses",
    "title" : "Previous illnesses",
    "code" : {
      "coding" : [{
        "system" : "http://loinc.org",
        "code" : "11348-0",
        "display" : "Hx of Past illness"
      }]
    },
    "text" : {
      "status" : "generated",
      "div" : "<div xmlns=\"http://www.w3.org/1999/xhtml\" xml:lang=\"en-US\" lang=\"en-US\"><p><b>Code: </b><span>Hx of Past illness (http://loinc.org#11348-0)</span></p><p><b>Entries:</b></p><table><tr><td><a href=\"Condition-TCB02-UNDILL1-2.html\">Condition/TCB02-UNDILL1-2</a></td></tr><tr><td><a href=\"Condition-TCD02-UNDILL1-2.html\">Condition/TCD02-UNDILL1-2</a></td></tr></table></div>"
    },
    "entry" : [{
      "reference" : "Condition/TCB02-UNDILL1-2"
    },
    {
      "reference" : "Condition/TCD02-UNDILL1-2"
    }]
  },
  {
    "id" : "medicalproblems",
    "title" : "Medical Problems",
    "code" : {
      "coding" : [{
        "system" : "http://loinc.org",
        "code" : "11450-4",
        "display" : "Problem list Reported"
      }]
    },
    "text" : {
      "status" : "generated",
      "div" : "<div xmlns=\"http://www.w3.org/1999/xhtml\" xml:lang=\"en-US\" lang=\"en-US\"><p><b>Code: </b><span>Problem list Reported (http://loinc.org#11450-4)</span></p><p><b>Entries:</b></p><table><tr><td><a href=\"Condition-TCB03-EXPRISK1-2.html\">Condition/TCB03-EXPRISK1-2</a></td></tr><tr><td><a href=\"Condition-TCD02-EXPRISK1-2.html\">Condition/TCD02-EXPRISK1-2</a></td></tr></table></div>"
    },
    "entry" : [{
      "reference" : "Condition/TCB03-EXPRISK1-2"
    },
    {
      "reference" : "Condition/TCD02-EXPRISK1-2"
    }]
  }]
}