{
  "resourceType" : "Composition",
  "id" : "B-D4-HCP1-C1-Composition",
  "meta" : {
    "profile" : ["http://fhir.ch/ig/ch-vacd/StructureDefinition/ch-vacd-composition-immunization-administration"]
  },
  "language" : "en-US",
  "text" : {
    "status" : "generated",
    "div" : "<div xmlns=\"http://www.w3.org/1999/xhtml\" xml:lang=\"en-US\" lang=\"en-US\"><div class=\"hapiHeaderText\">Immunization Administration</div><table class=\"hapiPropertyTable\"><tr><td>Patient</td><td>Monika <b>WEGMUELLER</b></td></tr><tr><td>Author</td><td><div><div class=\"hapiHeaderText\">Monika <b>WEGMUELLER</b></div><table class=\"hapiPropertyTable\"><tbody><tr><td>Identifier</td><td>123.71.332.115</td></tr><tr><td>Address</td><td><span>CH-</span><span>9876 </span><span>Specimendorf</span></td></tr><tr><td>Date of birth</td><td><span>10 February 1967</span></td></tr></tbody></table></div></td></tr><tr><td>Status</td><td>FINAL</td></tr><tr><td>Language</td><td>en-US</td></tr><tr><td>Sections</td><td><table><tr><td>Medical Problems</td></tr></table></td></tr></table></div>"
  },
  "identifier" : {
    "system" : "urn:ietf:rfc:3986",
    "value" : "urn:uuid:ddd50da7-3358-4d36-85cf-569ba7473dc5"
  },
  "status" : "final",
  "type" : {
    "coding" : [{
      "system" : "http://snomed.info/sct",
      "code" : "41000179103",
      "display" : "Immunization record"
    }]
  },
  "category" : [{
    "coding" : [{
      "system" : "urn:oid:2.16.756.5.30.1.127.3.10.10",
      "code" : "urn:che:epr:ch-vacd:immunization-administration:2022"
    }]
  }],
  "subject" : {
    "reference" : "Patient/TC-patient"
  },
  "date" : "2021-10-20T14:00:00.390+02:00",
  "author" : [{
    "reference" : "PractitionerRole/TC-HCP1-ORG1-ROLE-author"
  }],
  "title" : "Immunization Administration",
  "confidentiality" : "N",
  "_confidentiality" : {
    "extension" : [{
      "url" : "http://fhir.ch/ig/ch-core/StructureDefinition/ch-ext-epr-confidentialitycode",
      "valueCodeableConcept" : {
        "coding" : [{
          "system" : "http://snomed.info/sct",
          "code" : "17621005",
          "display" : "Normal (qualifier value)"
        }]
      }
    }]
  },
  "custodian" : {
    "reference" : "Organization/TC-ORG1"
  },
  "section" : [{
    "id" : "medicalproblems",
    "title" : "Medical Problems",
    "code" : {
      "coding" : [{
        "system" : "http://loinc.org",
        "code" : "11450-4",
        "display" : "Problem list Reported"
      }]
    },
    "text" : {
      "status" : "generated",
      "div" : "<div xmlns=\"http://www.w3.org/1999/xhtml\" xml:lang=\"en-US\" lang=\"en-US\"><p><b>Code: </b><span>Problem list Reported (http://loinc.org#11450-4)</span></p><p><b>Entries:</b></p><table><tr><td><a href=\"Condition-TCB03-EXPRISK1.html\">Condition/TCB03-EXPRISK1</a></td></tr></table></div>"
    },
    "entry" : [{
      "reference" : "Condition/TCB03-EXPRISK1"
    }]
  }]
}