{
  "resourceType" : "Condition",
  "id" : "TCC05-UNDILL1",
  "meta" : {
    "profile" : ["http://fhir.ch/ig/ch-vacd/StructureDefinition/ch-vacd-pastillnesses"]
  },
  "text" : {
    "status" : "generated",
    "div" : "<div xmlns=\"http://www.w3.org/1999/xhtml\"><p class=\"res-header-id\"><b>Generated Narrative: Condition TCC05-UNDILL1</b></p><a name=\"TCC05-UNDILL1\"> </a><a name=\"hcTCC05-UNDILL1\"> </a><a name=\"TCC05-UNDILL1-en-US\"> </a><div style=\"display: inline-block; background-color: #d9e0e7; padding: 6px; margin: 4px; border: 1px solid #8da1b4; border-radius: 5px; line-height: 60%\"><p style=\"margin-bottom: 0px\"/><p style=\"margin-bottom: 0px\">Profile: <a href=\"StructureDefinition-ch-vacd-pastillnesses.html\">CH VACD Past Illness</a></p></div><p><b>identifier</b>: <code>urn:oid:2.16.756.5.30.1.402.1.3.1.1.2</code>/b594b7fb-4fb1-466d-b7bc-66216338a727</p><p><b>clinicalStatus</b>: <span title=\"Codes:{http://terminology.hl7.org/CodeSystem/condition-clinical resolved}\">Resolved</span></p><p><b>verificationStatus</b>: <span title=\"Codes:{http://terminology.hl7.org/CodeSystem/condition-ver-status unconfirmed}\">Unconfirmed</span></p><p><b>code</b>: <span title=\"Codes:{http://snomed.info/sct 14189004}\">Measles (disorder)</span></p><p><b>subject</b>: <a href=\"Patient-TC-patient.html\">Monika Wegmueller  Female, DoB: 1967-02-10 ( Medical record number)</a></p><p><b>onset</b>: 2015-07-30</p><p><b>recordedDate</b>: 2015-07-30</p><p><b>recorder</b>: <a href=\"Patient-TC-patient.html\">Monika Wegmueller  Female, DoB: 1967-02-10 ( Medical record number)</a></p></div>"
  },
  "identifier" : [{
    "system" : "urn:oid:2.16.756.5.30.1.402.1.3.1.1.2",
    "value" : "b594b7fb-4fb1-466d-b7bc-66216338a727"
  }],
  "clinicalStatus" : {
    "coding" : [{
      "system" : "http://terminology.hl7.org/CodeSystem/condition-clinical",
      "code" : "resolved",
      "display" : "Resolved"
    }]
  },
  "verificationStatus" : {
    "coding" : [{
      "system" : "http://terminology.hl7.org/CodeSystem/condition-ver-status",
      "code" : "unconfirmed",
      "display" : "Unconfirmed"
    }]
  },
  "code" : {
    "coding" : [{
      "system" : "http://snomed.info/sct",
      "code" : "14189004",
      "display" : "Measles (disorder)"
    }]
  },
  "subject" : {
    "reference" : "Patient/TC-patient"
  },
  "onsetDateTime" : "2015-07-30",
  "recordedDate" : "2015-07-30",
  "recorder" : {
    "reference" : "Patient/TC-patient"
  }
}