{
  "resourceType" : "Condition",
  "id" : "TCB05-EXPRISK2",
  "meta" : {
    "profile" : ["http://fhir.ch/ig/ch-vacd/StructureDefinition/ch-vacd-medical-problems"]
  },
  "language" : "en-US",
  "text" : {
    "status" : "generated",
    "div" : "<div xmlns=\"http://www.w3.org/1999/xhtml\" xml:lang=\"en-US\" lang=\"en-US\"><p class=\"res-header-id\"><b>Generated Narrative: Condition TCB05-EXPRISK2</b></p><a name=\"TCB05-EXPRISK2\"> </a><a name=\"hcTCB05-EXPRISK2\"> </a><a name=\"TCB05-EXPRISK2-en-US\"> </a><div style=\"display: inline-block; background-color: #d9e0e7; padding: 6px; margin: 4px; border: 1px solid #8da1b4; border-radius: 5px; line-height: 60%\"><p style=\"margin-bottom: 0px\">Language: en-US</p><p style=\"margin-bottom: 0px\">Profile: <a href=\"StructureDefinition-ch-vacd-medical-problems.html\">CH VACD Medical Problems</a></p></div><p><b>identifier</b>: <code>urn:oid:2.16.756.5.30.1.402.1.3.1.1.2</code>/b086cf43-f863-4530-853c-f6a721175931</p><p><b>clinicalStatus</b>: <span title=\"Codes:{http://terminology.hl7.org/CodeSystem/condition-clinical active}\">Active</span></p><p><b>verificationStatus</b>: <span title=\"Codes:{http://terminology.hl7.org/CodeSystem/condition-ver-status confirmed}\">Confirmed</span></p><p><b>category</b>: <span title=\"Codes:{http://terminology.hl7.org/CodeSystem/condition-category problem-list-item}\">Problem List Item</span></p><p><b>code</b>: <span title=\"Codes:{http://snomed.info/sct 77386006}\">Pregnancy (finding)</span></p><p><b>subject</b>: <a href=\"Patient-TC-patient2.html\">Lea Knecht  Female, DoB: 1992-05-14 ( Medical record number)</a></p><p><b>onset</b>: 2021-11-30</p><p><b>recordedDate</b>: 2021-03-10</p><p><b>recorder</b>: <a href=\"PractitionerRole-TC-HCP1-ORG1-ROLE-author.html\">PractitionerRole</a></p></div>"
  },
  "identifier" : [{
    "system" : "urn:oid:2.16.756.5.30.1.402.1.3.1.1.2",
    "value" : "b086cf43-f863-4530-853c-f6a721175931"
  }],
  "clinicalStatus" : {
    "coding" : [{
      "system" : "http://terminology.hl7.org/CodeSystem/condition-clinical",
      "code" : "active",
      "display" : "Active"
    }]
  },
  "verificationStatus" : {
    "coding" : [{
      "system" : "http://terminology.hl7.org/CodeSystem/condition-ver-status",
      "code" : "confirmed",
      "display" : "Confirmed"
    }]
  },
  "category" : [{
    "coding" : [{
      "system" : "http://terminology.hl7.org/CodeSystem/condition-category",
      "code" : "problem-list-item",
      "display" : "Problem List Item"
    }]
  }],
  "code" : {
    "coding" : [{
      "system" : "http://snomed.info/sct",
      "code" : "77386006",
      "display" : "Pregnancy (finding)"
    }]
  },
  "subject" : {
    "reference" : "Patient/TC-patient2"
  },
  "onsetDateTime" : "2021-11-30",
  "recordedDate" : "2021-03-10",
  "recorder" : {
    "reference" : "PractitionerRole/TC-HCP1-ORG1-ROLE-author"
  }
}