{
  "resourceType" : "Condition",
  "id" : "TCF03-UNDILL3",
  "meta" : {
    "profile" : ["http://fhir.ch/ig/ch-vacd/StructureDefinition/ch-vacd-pastillnesses"]
  },
  "text" : {
    "status" : "generated",
    "div" : "<div xmlns=\"http://www.w3.org/1999/xhtml\"><p class=\"res-header-id\"><b>Generated Narrative: Condition TCF03-UNDILL3</b></p><a name=\"TCF03-UNDILL3\"> </a><a name=\"hcTCF03-UNDILL3\"> </a><a name=\"TCF03-UNDILL3-en-US\"> </a><div style=\"display: inline-block; background-color: #d9e0e7; padding: 6px; margin: 4px; border: 1px solid #8da1b4; border-radius: 5px; line-height: 60%\"><p style=\"margin-bottom: 0px\"/><p style=\"margin-bottom: 0px\">Profile: <a href=\"StructureDefinition-ch-vacd-pastillnesses.html\">CH VACD Past Illness</a></p></div><p><b>identifier</b>: <code>urn:oid:2.16.756.5.30.1.402.1.3.1.1.2</code>/61358f4e-7121-4dd3-903a-caa5bf26d87c</p><p><b>clinicalStatus</b>: <span title=\"Codes:{http://terminology.hl7.org/CodeSystem/condition-clinical resolved}\">Resolved</span></p><p><b>verificationStatus</b>: <span title=\"Codes:{http://terminology.hl7.org/CodeSystem/condition-ver-status confirmed}\">Confirmed</span></p><p><b>code</b>: <span title=\"Codes:{http://snomed.info/sct 38907003}\">Varicella (disorder)</span></p><p><b>subject</b>: <a href=\"Patient-TC-patient.html\">Monika Wegmueller  Female, DoB: 1967-02-10 ( Medical record number)</a></p><p><b>onset</b>: 2015-05-30</p><p><b>recordedDate</b>: 2015-05-30</p><p><b>recorder</b>: <a href=\"PractitionerRole-TC-HCP1-ORG1-ROLE-author.html\">PractitionerRole</a></p><p><b>note</b>: Der Patient hatte einen milden Verlauf der Windpockenerkrankung (By Practitioner/TC-HCP1-C1 @2017-01-20)</p></div>"
  },
  "identifier" : [{
    "system" : "urn:oid:2.16.756.5.30.1.402.1.3.1.1.2",
    "value" : "61358f4e-7121-4dd3-903a-caa5bf26d87c"
  }],
  "clinicalStatus" : {
    "coding" : [{
      "system" : "http://terminology.hl7.org/CodeSystem/condition-clinical",
      "code" : "resolved",
      "display" : "Resolved"
    }]
  },
  "verificationStatus" : {
    "coding" : [{
      "system" : "http://terminology.hl7.org/CodeSystem/condition-ver-status",
      "code" : "confirmed",
      "display" : "Confirmed"
    }]
  },
  "code" : {
    "coding" : [{
      "system" : "http://snomed.info/sct",
      "code" : "38907003",
      "display" : "Varicella (disorder)"
    }]
  },
  "subject" : {
    "reference" : "Patient/TC-patient"
  },
  "onsetDateTime" : "2015-05-30",
  "recordedDate" : "2015-05-30",
  "recorder" : {
    "reference" : "PractitionerRole/TC-HCP1-ORG1-ROLE-author"
  },
  "note" : [{
    "authorReference" : {
      "reference" : "Practitioner/TC-HCP1-C1"
    },
    "time" : "2017-01-20",
    "text" : "Der Patient hatte einen milden Verlauf der Windpockenerkrankung"
  }]
}