{
  "resourceType" : "Immunization",
  "id" : "7-6-Immunization",
  "meta" : {
    "profile" : ["http://fhir.ch/ig/ch-vacd/StructureDefinition/ch-vacd-immunization"]
  },
  "text" : {
    "status" : "extensions",
    "div" : "<div xmlns=\"http://www.w3.org/1999/xhtml\"><p class=\"res-header-id\"><b>Generated Narrative: Immunization 7-6-Immunization</b></p><a name=\"7-6-Immunization\"> </a><a name=\"hc7-6-Immunization\"> </a><a name=\"7-6-Immunization-en-US\"> </a><div style=\"display: inline-block; background-color: #d9e0e7; padding: 6px; margin: 4px; border: 1px solid #8da1b4; border-radius: 5px; line-height: 60%\"><p style=\"margin-bottom: 0px\"/><p style=\"margin-bottom: 0px\">Profile: <a href=\"StructureDefinition-ch-vacd-immunization.html\">CH VACD Immunization</a></p></div><p><b>Author of the content</b>: <a href=\"PractitionerRole-6-3-PractitionerRole.html\">PractitionerRole</a></p><p><b>CH VACD Extension verificationStatus</b>: <a href=\"http://snomed.info/id/59156000\">SNOMED CT 59156000</a>: Confirmed</p><p><b>identifier</b>: <code>urn:oid:2.16.756.5.30.1.147.1.3.1</code>/12312</p><p><b>status</b>: Completed</p><p><b>statusReason</b>: <span title=\"Codes:{http://terminology.hl7.org/CodeSystem/v3-ActReason PATOBJ}\">Patient objection</span></p><p><b>vaccineCode</b>: <span title=\"Codes:{http://fhir.ch/ig/ch-vacd/CodeSystem/ch-vacd-swissmedic-cs 545}\">HBVAXPRO 40</span></p><p><b>patient</b>: <a href=\"Patient-3-1-Patient.html\">Monika Wegmueller  Female, DoB: 1967-02-10 ( Medical record number)</a></p><p><b>occurrence</b>: 2012-02-26 00:00:00+0100</p><p><b>recorded</b>: 2012-02-26 00:00:00+0100</p><p><b>lotNumber</b>: 12-34244</p><p><b>route</b>: <span title=\"Codes:{http://standardterms.edqm.eu 20035000}\">Intramuscular use</span></p><h3>Performers</h3><table class=\"grid\"><tr><td style=\"display: none\">-</td><td><b>Actor</b></td></tr><tr><td style=\"display: none\">*</td><td><a href=\"PractitionerRole-6-3-PractitionerRole.html\">PractitionerRole</a></td></tr></table><h3>ProtocolApplieds</h3><table class=\"grid\"><tr><td style=\"display: none\">-</td><td><b>TargetDisease</b></td><td><b>DoseNumber[x]</b></td></tr><tr><td style=\"display: none\">*</td><td><span title=\"Codes:{http://snomed.info/sct 66071002}\">Viral hepatitis type B (disorder)</span></td><td>1</td></tr></table></div>"
  },
  "extension" : [{
    "url" : "http://fhir.ch/ig/ch-core/StructureDefinition/ch-ext-author",
    "valueReference" : {
      "reference" : "PractitionerRole/6-3-PractitionerRole"
    }
  },
  {
    "url" : "http://fhir.ch/ig/ch-vacd/StructureDefinition/ch-vacd-ext-verification-status",
    "valueCoding" : {
      "system" : "http://snomed.info/sct",
      "code" : "59156000",
      "display" : "Confirmed"
    }
  }],
  "identifier" : [{
    "system" : "urn:oid:2.16.756.5.30.1.147.1.3.1",
    "value" : "12312"
  }],
  "status" : "completed",
  "statusReason" : {
    "coding" : [{
      "system" : "http://terminology.hl7.org/CodeSystem/v3-ActReason",
      "code" : "PATOBJ",
      "display" : "Patient objection"
    }]
  },
  "vaccineCode" : {
    "coding" : [{
      "system" : "http://fhir.ch/ig/ch-vacd/CodeSystem/ch-vacd-swissmedic-cs",
      "code" : "545",
      "display" : "HBVAXPRO 40"
    }]
  },
  "patient" : {
    "reference" : "Patient/3-1-Patient"
  },
  "occurrenceDateTime" : "2012-02-26T00:00:00+01:00",
  "recorded" : "2012-02-26T00:00:00+01:00",
  "lotNumber" : "12-34244",
  "route" : {
    "coding" : [{
      "system" : "http://standardterms.edqm.eu",
      "code" : "20035000",
      "display" : "Intramuscular use"
    }]
  },
  "performer" : [{
    "actor" : {
      "reference" : "PractitionerRole/6-3-PractitionerRole"
    }
  }],
  "protocolApplied" : [{
    "targetDisease" : [{
      "coding" : [{
        "system" : "http://snomed.info/sct",
        "code" : "66071002",
        "display" : "Viral hepatitis type B (disorder)"
      }]
    }],
    "doseNumberPositiveInt" : 1
  }]
}