{
  "resourceType" : "Immunization",
  "id" : "7-10-Immunization",
  "meta" : {
    "profile" : ["http://fhir.ch/ig/ch-vacd/StructureDefinition/ch-vacd-immunization"]
  },
  "text" : {
    "status" : "extensions",
    "div" : "<div xmlns=\"http://www.w3.org/1999/xhtml\"><p class=\"res-header-id\"><b>Generated Narrative: Immunization 7-10-Immunization</b></p><a name=\"7-10-Immunization\"> </a><a name=\"hc7-10-Immunization\"> </a><a name=\"7-10-Immunization-en-US\"> </a><div style=\"display: inline-block; background-color: #d9e0e7; padding: 6px; margin: 4px; border: 1px solid #8da1b4; border-radius: 5px; line-height: 60%\"><p style=\"margin-bottom: 0px\"/><p style=\"margin-bottom: 0px\">Profile: <a href=\"StructureDefinition-ch-vacd-immunization.html\">CH VACD Immunization</a></p></div><p><b>Author of the content</b>: <a href=\"PractitionerRole-6-6-PractitionerRole.html\">PractitionerRole</a></p><p><b>CH VACD Extension verificationStatus</b>: <a href=\"http://snomed.info/id/59156000\">SNOMED CT 59156000</a>: Confirmed</p><p><b>identifier</b>: <code>urn:oid:2.16.756.5.30.1.147.1.3.1</code>/45678</p><p><b>status</b>: Completed</p><p><b>vaccineCode</b>: <span title=\"Codes:{http://fhir.ch/ig/ch-vacd/CodeSystem/ch-vacd-swissmedic-cs 268}\">MMR-II</span></p><p><b>patient</b>: <a href=\"Patient-3-2-Patient.html\">Monika Wegmueller  Female, DoB: 1967-03-10 ( Medical record number)</a></p><p><b>occurrence</b>: 2016-03-05 00:00:00+0100</p><p><b>recorded</b>: 2016-03-05 00:00:00+0100</p><p><b>lotNumber</b>: 12345</p><h3>Performers</h3><table class=\"grid\"><tr><td style=\"display: none\">-</td><td><b>Actor</b></td></tr><tr><td style=\"display: none\">*</td><td><a href=\"PractitionerRole-6-6-PractitionerRole.html\">PractitionerRole</a></td></tr></table><p><b>reasonCode</b>: <span title=\"Codes:{http://terminology.hl7.org/CodeSystem/v3-ActCode IMMUNIZ}\">Immunization</span></p><blockquote><p><b>protocolApplied</b></p><p><b>targetDisease</b>: <span title=\"Codes:{http://snomed.info/sct 14189004}\">Measles (disorder)</span>, <span title=\"Codes:{http://snomed.info/sct 36989005}\">Mumps (disorder)</span>, <span title=\"Codes:{http://snomed.info/sct 36653000}\">Rubella (disorder)</span></p><p><b>doseNumber</b>: 1</p></blockquote></div>"
  },
  "extension" : [{
    "url" : "http://fhir.ch/ig/ch-core/StructureDefinition/ch-ext-author",
    "valueReference" : {
      "reference" : "PractitionerRole/6-6-PractitionerRole"
    }
  },
  {
    "url" : "http://fhir.ch/ig/ch-vacd/StructureDefinition/ch-vacd-ext-verification-status",
    "valueCoding" : {
      "system" : "http://snomed.info/sct",
      "code" : "59156000",
      "display" : "Confirmed"
    }
  }],
  "identifier" : [{
    "system" : "urn:oid:2.16.756.5.30.1.147.1.3.1",
    "value" : "45678"
  }],
  "status" : "completed",
  "vaccineCode" : {
    "coding" : [{
      "system" : "http://fhir.ch/ig/ch-vacd/CodeSystem/ch-vacd-swissmedic-cs",
      "code" : "268",
      "display" : "MMR-II"
    }]
  },
  "patient" : {
    "reference" : "Patient/3-2-Patient"
  },
  "occurrenceDateTime" : "2016-03-05T00:00:00+01:00",
  "recorded" : "2016-03-05T00:00:00+01:00",
  "lotNumber" : "12345",
  "performer" : [{
    "actor" : {
      "reference" : "PractitionerRole/6-6-PractitionerRole"
    }
  }],
  "reasonCode" : [{
    "coding" : [{
      "system" : "http://terminology.hl7.org/CodeSystem/v3-ActCode",
      "code" : "IMMUNIZ",
      "display" : "Immunization"
    }]
  }],
  "protocolApplied" : [{
    "targetDisease" : [{
      "coding" : [{
        "system" : "http://snomed.info/sct",
        "code" : "14189004",
        "display" : "Measles (disorder)"
      }]
    },
    {
      "coding" : [{
        "system" : "http://snomed.info/sct",
        "code" : "36989005",
        "display" : "Mumps (disorder)"
      }]
    },
    {
      "coding" : [{
        "system" : "http://snomed.info/sct",
        "code" : "36653000",
        "display" : "Rubella (disorder)"
      }]
    }],
    "doseNumberPositiveInt" : 1
  }]
}