{
  "resourceType" : "Immunization",
  "id" : "TCD01-IMMUN4",
  "meta" : {
    "profile" : ["http://fhir.ch/ig/ch-vacd/StructureDefinition/ch-vacd-immunization"]
  },
  "text" : {
    "status" : "extensions",
    "div" : "<div xmlns=\"http://www.w3.org/1999/xhtml\"><p class=\"res-header-id\"><b>Generated Narrative: Immunization TCD01-IMMUN4</b></p><a name=\"TCD01-IMMUN4\"> </a><a name=\"hcTCD01-IMMUN4\"> </a><a name=\"TCD01-IMMUN4-en-US\"> </a><div style=\"display: inline-block; background-color: #d9e0e7; padding: 6px; margin: 4px; border: 1px solid #8da1b4; border-radius: 5px; line-height: 60%\"><p style=\"margin-bottom: 0px\"/><p style=\"margin-bottom: 0px\">Profile: <a href=\"StructureDefinition-ch-vacd-immunization.html\">CH VACD Immunization</a></p></div><p><b>Author of the content</b>: <a href=\"PractitionerRole-TC-HCP2-ORG2-ROLE-author.html\">PractitionerRole</a></p><p><b>CH VACD Extension Immunization Medication Reference</b>: <a href=\"Medication-TC-IMMUN-MEDIC-PRIORIX.html\">Medication PRIORIX Trockensub c Solv</a></p><p><b>CH VACD Extension verificationStatus</b>: <a href=\"http://snomed.info/id/59156000\">SNOMED CT 59156000</a>: Confirmed</p><p><b>identifier</b>: <code>urn:oid:2.16.756.5.30.1.402.1.3.1.1.1</code>/urn:uuid:58457607-9160-4d0a-9a79-55495755a677</p><p><b>status</b>: Completed</p><p><b>vaccineCode</b>: <span title=\"Codes:{http://fhir.ch/ig/ch-vacd/CodeSystem/ch-vacd-swissmedic-cs 615}\">Priorix</span></p><p><b>patient</b>: <a href=\"Patient-TC-patient.html\">Monika Wegmueller  Female, DoB: 1967-02-10 ( Medical record number)</a></p><p><b>occurrence</b>: 2020-12-09</p><p><b>recorded</b>: 2020-12-09 11:00:00+0200</p><p><b>lotNumber</b>: A69FE297A</p><p><b>route</b>: <span title=\"Codes:{http://standardterms.edqm.eu 20035000}\">Intramuscular use</span></p><h3>Performers</h3><table class=\"grid\"><tr><td style=\"display: none\">-</td><td><b>Actor</b></td></tr><tr><td style=\"display: none\">*</td><td><a href=\"PractitionerRole-TC-HCP2-ORG2-ROLE-performer.html\">PractitionerRole</a></td></tr></table><h3>ProtocolApplieds</h3><table class=\"grid\"><tr><td style=\"display: none\">-</td><td><b>TargetDisease</b></td><td><b>DoseNumber[x]</b></td></tr><tr><td style=\"display: none\">*</td><td><span title=\"Codes:{http://snomed.info/sct 36989005}\">Mumps (disorder)</span></td><td>1</td></tr></table></div>"
  },
  "extension" : [{
    "url" : "http://fhir.ch/ig/ch-core/StructureDefinition/ch-ext-author",
    "valueReference" : {
      "reference" : "PractitionerRole/TC-HCP2-ORG2-ROLE-author"
    }
  },
  {
    "url" : "http://fhir.ch/ig/ch-vacd/StructureDefinition/ch-vacd-ext-immunization-medication-reference",
    "valueReference" : {
      "reference" : "Medication/TC-IMMUN-MEDIC-PRIORIX"
    }
  },
  {
    "url" : "http://fhir.ch/ig/ch-vacd/StructureDefinition/ch-vacd-ext-verification-status",
    "valueCoding" : {
      "system" : "http://snomed.info/sct",
      "code" : "59156000",
      "display" : "Confirmed"
    }
  }],
  "identifier" : [{
    "system" : "urn:oid:2.16.756.5.30.1.402.1.3.1.1.1",
    "value" : "urn:uuid:58457607-9160-4d0a-9a79-55495755a677"
  }],
  "status" : "completed",
  "vaccineCode" : {
    "coding" : [{
      "system" : "http://fhir.ch/ig/ch-vacd/CodeSystem/ch-vacd-swissmedic-cs",
      "code" : "615",
      "display" : "Priorix"
    }]
  },
  "patient" : {
    "reference" : "Patient/TC-patient"
  },
  "occurrenceDateTime" : "2020-12-09",
  "recorded" : "2020-12-09T11:00:00.390+02:00",
  "lotNumber" : "A69FE297A",
  "route" : {
    "coding" : [{
      "system" : "http://standardterms.edqm.eu",
      "code" : "20035000",
      "display" : "Intramuscular use"
    }]
  },
  "performer" : [{
    "actor" : {
      "reference" : "PractitionerRole/TC-HCP2-ORG2-ROLE-performer"
    }
  }],
  "protocolApplied" : [{
    "targetDisease" : [{
      "coding" : [{
        "system" : "http://snomed.info/sct",
        "code" : "36989005",
        "display" : "Mumps (disorder)"
      }]
    }],
    "doseNumberPositiveInt" : 1
  }]
}