{
  "resourceType" : "MessageHeader",
  "id" : "2-4-ImmunizationRecommendationRequestMessageHeader",
  "meta" : {
    "lastUpdated" : "2021-06-01T00:00:00.394+02:00",
    "profile" : ["http://fhir.ch/ig/ch-vacd/StructureDefinition/ch-vacd-recommendation-request-messageheader"]
  },
  "text" : {
    "status" : "generated",
    "div" : "<div xmlns=\"http://www.w3.org/1999/xhtml\"><p class=\"res-header-id\"><b>Generated Narrative: MessageHeader 2-4-ImmunizationRecommendationRequestMessageHeader</b></p><a name=\"2-4-ImmunizationRecommendationRequestMessageHeader\"> </a><a name=\"hc2-4-ImmunizationRecommendationRequestMessageHeader\"> </a><a name=\"2-4-ImmunizationRecommendationRequestMessageHeader-en-US\"> </a><div style=\"display: inline-block; background-color: #d9e0e7; padding: 6px; margin: 4px; border: 1px solid #8da1b4; border-radius: 5px; line-height: 60%\"><p style=\"margin-bottom: 0px\">Last updated: 2021-06-01 00:00:00+0200</p><p style=\"margin-bottom: 0px\">Profile: <a href=\"StructureDefinition-ch-vacd-recommendation-request-messageheader.html\">CH VACD Immunization Recommendation Request MessageHeader</a></p></div><p><b>event</b>: <a href=\"CodeSystem-ch-vacd-clinical-decision-support-event-cs.html#ch-vacd-clinical-decision-support-event-cs-immunrecorequest\">CDS Event immunrecorequest</a>: Immunization Recommendation Request</p><h3>Destinations</h3><table class=\"grid\"><tr><td style=\"display: none\">-</td><td><b>Name</b></td><td><b>Endpoint</b></td><td><b>Receiver</b></td></tr><tr><td style=\"display: none\">*</td><td>Example Vaccination Clinical Decision Support System</td><td><a href=\"https://example.com/cds/immunization/ws\">https://example.com/cds/immunization/ws</a></td><td><a href=\"Organization-CDSS-Organization.html\">Organization Immunization CDS Service</a></td></tr></table><p><b>sender</b>: <a href=\"PractitionerRole-6-4-PractitionerRole.html\">PractitionerRole</a></p><h3>Sources</h3><table class=\"grid\"><tr><td style=\"display: none\">-</td><td><b>Name</b></td><td><b>Software</b></td><td><b>Version</b></td><td><b>Endpoint</b></td></tr><tr><td style=\"display: none\">*</td><td>Example Portal EPR</td><td>EPR-Portal-VacModule</td><td>V1.1</td><td>urn:oid:1.2.3.4.5</td></tr></table><p><b>responsible</b>: <a href=\"PractitionerRole-6-4-PractitionerRole.html\">PractitionerRole</a></p><p><b>reason</b>: <span title=\"Codes:{http://snomed.info/sct 830152006}\">Recommendation regarding vaccination (procedure)</span></p><p><b>focus</b>: </p><ul><li><a href=\"Immunization-7-7-Immunization.html\">Immunization: extension = -&gt;PractitionerRole,Confirmed (SNOMED CT#59156000); identifier = urn:oid:2.16.756.5.30.1.147.1.3.1#12345; status = completed; vaccineCode = Boostrix; occurrence[x] = 2013-09-15 00:00:00+0200; recorded = 2013-09-15 00:00:00+0200; lotNumber = 12345; reasonCode = Immunization</a></li><li><a href=\"Immunization-7-8-Immunization.html\">Immunization: extension = -&gt;PractitionerRole,Confirmed (SNOMED CT#59156000); identifier = urn:oid:2.16.756.5.30.1.147.1.3.1#23456; status = completed; vaccineCode = Boostrix; occurrence[x] = 2014-08-12 00:00:00+0200; recorded = 2014-08-12 00:00:00+0200; lotNumber = 12345; reasonCode = Immunization</a></li><li><a href=\"Immunization-7-9-Immunization.html\">Immunization: extension = -&gt;PractitionerRole,Confirmed (SNOMED CT#59156000); identifier = urn:oid:2.16.756.5.30.1.147.1.3.1#34567; status = completed; vaccineCode = Boostrix; occurrence[x] = 2015-11-01 00:00:00+0100; recorded = 2015-11-01 00:00:00+0100; lotNumber = 12345; reasonCode = Immunization</a></li><li><a href=\"Immunization-7-10-Immunization.html\">Immunization: extension = -&gt;PractitionerRole,Confirmed (SNOMED CT#59156000); identifier = urn:oid:2.16.756.5.30.1.147.1.3.1#45678; status = completed; vaccineCode = MMR-II; occurrence[x] = 2016-03-05 00:00:00+0100; recorded = 2016-03-05 00:00:00+0100; lotNumber = 12345; reasonCode = Immunization</a></li><li><a href=\"Immunization-7-11-Immunization.html\">Immunization: extension = -&gt;PractitionerRole,Confirmed (SNOMED CT#59156000); identifier = urn:oid:2.16.756.5.30.1.147.1.3.1#12312; status = completed; vaccineCode = HBVAXPRO 40; occurrence[x] = 2012-02-26 00:00:00+0100; recorded = 2012-02-26 00:00:00+0100; lotNumber = 12345; reasonCode = Immunization</a></li><li><a href=\"Condition-8-6-Condition.html\">Condition Disorder of liver (disorder)</a></li><li><a href=\"Condition-8-7-Condition.html\">Condition Animal health occupation (occupation)</a></li><li><a href=\"Condition-8-8-Condition.html\">Condition Measles (disorder)</a></li><li><a href=\"AllergyIntolerance-11-3-AllergyIntolerance.html\">AllergyIntolerance Allergy to egg protein (finding)</a></li><li><a href=\"AllergyIntolerance-11-4-AllergyIntolerance.html\">AllergyIntolerance Atopic dermatitis (disorder)</a></li><li><a href=\"Observation-9-2-Observation.html\">Observation Hepatitis B virus surface Ab [Units/volume] in Serum</a></li></ul></div>"
  },
  "eventCoding" : {
    "system" : "http://fhir.ch/ig/ch-vacd/CodeSystem/ch-vacd-clinical-decision-support-event-cs",
    "code" : "immunrecorequest",
    "display" : "Immunization Recommendation Request"
  },
  "destination" : [{
    "name" : "Example Vaccination Clinical Decision Support System",
    "endpoint" : "https://example.com/cds/immunization/ws",
    "receiver" : {
      "reference" : "Organization/CDSS-Organization"
    }
  }],
  "sender" : {
    "reference" : "PractitionerRole/6-4-PractitionerRole"
  },
  "source" : {
    "name" : "Example Portal EPR",
    "software" : "EPR-Portal-VacModule",
    "version" : "V1.1",
    "endpoint" : "urn:oid:1.2.3.4.5"
  },
  "responsible" : {
    "reference" : "PractitionerRole/6-4-PractitionerRole"
  },
  "reason" : {
    "coding" : [{
      "system" : "http://snomed.info/sct",
      "code" : "830152006",
      "display" : "Recommendation regarding vaccination (procedure)"
    }]
  },
  "focus" : [{
    "reference" : "Immunization/7-7-Immunization"
  },
  {
    "reference" : "Immunization/7-8-Immunization"
  },
  {
    "reference" : "Immunization/7-9-Immunization"
  },
  {
    "reference" : "Immunization/7-10-Immunization"
  },
  {
    "reference" : "Immunization/7-11-Immunization"
  },
  {
    "reference" : "Condition/8-6-Condition"
  },
  {
    "reference" : "Condition/8-7-Condition"
  },
  {
    "reference" : "Condition/8-8-Condition"
  },
  {
    "reference" : "AllergyIntolerance/11-3-AllergyIntolerance"
  },
  {
    "reference" : "AllergyIntolerance/11-4-AllergyIntolerance"
  },
  {
    "reference" : "Observation/9-2-Observation"
  }]
}