{
  "resourceType" : "Observation",
  "id" : "9-2-Observation",
  "meta" : {
    "profile" : ["http://fhir.ch/ig/ch-vacd/StructureDefinition/ch-vacd-laboratory-serology"]
  },
  "text" : {
    "status" : "extensions",
    "div" : "<div xmlns=\"http://www.w3.org/1999/xhtml\"><p class=\"res-header-id\"><b>Generated Narrative: Observation 9-2-Observation</b></p><a name=\"9-2-Observation\"> </a><a name=\"hc9-2-Observation\"> </a><a name=\"9-2-Observation-en-US\"> </a><div style=\"display: inline-block; background-color: #d9e0e7; padding: 6px; margin: 4px; border: 1px solid #8da1b4; border-radius: 5px; line-height: 60%\"><p style=\"margin-bottom: 0px\"/><p style=\"margin-bottom: 0px\">Profile: <a href=\"StructureDefinition-ch-vacd-laboratory-serology.html\">CH VACD Laboratory And Serology</a></p></div><p><b>Author of the content</b>: <a href=\"PractitionerRole-6-4-PractitionerRole.html\">PractitionerRole</a></p><p><b>CH VACD Extension verificationStatus</b>: <a href=\"http://snomed.info/id/59156000\">SNOMED CT 59156000</a>: Confirmed</p><p><b>identifier</b>: <a href=\"http://terminology.hl7.org/6.3.0/NamingSystem-uri.html\" title=\"As defined by RFC 3986 (http://www.ietf.org/rfc/rfc3986.txt)(with many schemes defined in many RFCs). For OIDs and UUIDs, use the URN form (urn:oid:(note: lowercase) and urn:uuid:). See http://www.ietf.org/rfc/rfc3001.txt and http://www.ietf.org/rfc/rfc4122.txt \r\n\r\nThis oid is used as an identifier II.root to indicate the the extension is an absolute URI (technically, an IRI). Typically, this is used for OIDs and GUIDs. Note that when this OID is used with OIDs and GUIDs, the II.extension should start with urn:oid or urn:uuid: \r\n\r\nNote that this OID is created to aid with interconversion between CDA and FHIR - FHIR uses urn:ietf:rfc:3986 as equivalent to this OID. URIs as identifiers appear more commonly in FHIR.\r\n\r\nThis OID may also be used in CD.codeSystem.\">Uniform Resource Identifier (URI)</a>/urn:uuid:2c4d07e4-d978-4a1f-88de-440920f4913f</p><p><b>status</b>: Final</p><p><b>code</b>: <span title=\"Codes:{http://loinc.org 16935-9}\">Hepatitis B virus surface Ab [Units/volume] in Serum</span></p><p><b>subject</b>: <a href=\"Patient-3-2-Patient.html\">Monika Wegmueller  Female, DoB: 1967-03-10 ( Medical record number)</a></p><p><b>effective</b>: 1971-10</p><p><b>performer</b>: <a href=\"PractitionerRole-6-4-PractitionerRole.html\">PractitionerRole</a></p><p><b>value</b>: 99 [iU]/L<span style=\"background: LightGoldenRodYellow\"> (Details: UCUM  code[iU]/L = '[iU]/L')</span></p><p><b>interpretation</b>: <span title=\"Codes:{http://terminology.hl7.org/CodeSystem/v3-ObservationInterpretation POS}\">Positive</span></p></div>"
  },
  "extension" : [{
    "url" : "http://fhir.ch/ig/ch-core/StructureDefinition/ch-ext-author",
    "valueReference" : {
      "reference" : "PractitionerRole/6-4-PractitionerRole"
    }
  },
  {
    "url" : "http://fhir.ch/ig/ch-vacd/StructureDefinition/ch-vacd-ext-verification-status",
    "valueCoding" : {
      "system" : "http://snomed.info/sct",
      "code" : "59156000",
      "display" : "Confirmed"
    }
  }],
  "identifier" : [{
    "system" : "urn:ietf:rfc:3986",
    "value" : "urn:uuid:2c4d07e4-d978-4a1f-88de-440920f4913f"
  }],
  "status" : "final",
  "code" : {
    "coding" : [{
      "system" : "http://loinc.org",
      "code" : "16935-9",
      "display" : "Hepatitis B virus surface Ab [Units/volume] in Serum"
    }]
  },
  "subject" : {
    "reference" : "Patient/3-2-Patient"
  },
  "effectiveDateTime" : "1971-10",
  "performer" : [{
    "reference" : "PractitionerRole/6-4-PractitionerRole"
  }],
  "valueQuantity" : {
    "value" : 99,
    "unit" : "[iU]/L",
    "system" : "http://unitsofmeasure.org",
    "code" : "[iU]/L"
  },
  "interpretation" : [{
    "coding" : [{
      "system" : "http://terminology.hl7.org/CodeSystem/v3-ObservationInterpretation",
      "code" : "POS",
      "display" : "Positive"
    }]
  }]
}