{
  "resourceType" : "Organization",
  "id" : "CDSS-Organization",
  "meta" : {
    "profile" : ["http://fhir.ch/ig/ch-core/StructureDefinition/ch-core-organization"]
  },
  "text" : {
    "status" : "generated",
    "div" : "<div xmlns=\"http://www.w3.org/1999/xhtml\"><p class=\"res-header-id\"><b>Generated Narrative: Organization CDSS-Organization</b></p><a name=\"CDSS-Organization\"> </a><a name=\"hcCDSS-Organization\"> </a><a name=\"CDSS-Organization-en-US\"> </a><div style=\"display: inline-block; background-color: #d9e0e7; padding: 6px; margin: 4px; border: 1px solid #8da1b4; border-radius: 5px; line-height: 60%\"><p style=\"margin-bottom: 0px\"/><p style=\"margin-bottom: 0px\">Profile: <a href=\"https://build.fhir.org/ig/hl7ch/ch-core/StructureDefinition-ch-core-organization.html\">CH Core Organization</a></p></div><p><b>identifier</b>: <a href=\"https://www.gs1.org/standards/id-keys/gln\" title=\"Global Location Number\">GLN</a>/7601000000781</p><p><b>name</b>: Immunization CDS Service</p><p><b>address</b>: Mustergasse 99 Beispielen SG 9876 CH </p></div>"
  },
  "identifier" : [{
    "system" : "urn:oid:2.51.1.3",
    "value" : "7601000000781"
  }],
  "name" : "Immunization CDS Service",
  "address" : [{
    "line" : ["Mustergasse 99"],
    "city" : "Beispielen",
    "state" : "SG",
    "postalCode" : "9876",
    "country" : "CH"
  }]
}