<?xml version="1.0" encoding="UTF-8"?><CodeSystem xmlns="http://hl7.org/fhir"><id value="ch-vacd-entry-conflict-cs"/><text><status value="generated"/><div xmlns="http://www.w3.org/1999/xhtml"><p class="res-header-id"><b>Generated Narrative: CodeSystem ch-vacd-entry-conflict-cs</b></p><a name="ch-vacd-entry-conflict-cs"> </a><a name="hcch-vacd-entry-conflict-cs"> </a><a name="ch-vacd-entry-conflict-cs-en-US"> </a><p>This case-sensitive code system <code>http://fhir.ch/ig/ch-vacd/CodeSystem/ch-vacd-entry-conflict-cs</code> defines the following code:</p><table class="codes"><tr><td style="white-space:nowrap"><b>Code</b></td></tr><tr><td style="white-space:nowrap">duplicate<a name="ch-vacd-entry-conflict-cs-duplicate"> </a></td></tr></table><p><b>Additional Language Displays</b></p><table class="codes"><tr><td><b>Code</b></td><td><b>Deutsch (Schweiz) (German (Switzerland), de)</b></td><td><b>English (United States) (English (United States), en)</b></td><td><b>French (Switzerland) (fr)</b></td><td><b>Italian (Switzerland) (it)</b></td><td><b>rm</b></td></tr><tr><td>duplicate</td><td>Duplikat</td><td>duplicate</td><td>doublon</td><td>duplicare</td><td>duplicat</td></tr></table></div></text><extension url="http://hl7.org/fhir/StructureDefinition/resource-effectivePeriod"><valuePeriod><start value="2021-12-21T00:00:00+01:00"/></valuePeriod></extension><url value="http://fhir.ch/ig/ch-vacd/CodeSystem/ch-vacd-entry-conflict-cs"/><identifier><use value="official"/><system value="http://fhir.ch/ig/ch-vacd/cs/entry-conflict"/><value value="entry-conflict"/></identifier><version value="6.0.0-ballot-ci-build"/><name value="EntryConflictCodesystem"/><title value="Entry Conflict Code System"/><status value="active"/><experimental value="false"/><date value="2025-05-07T07:26:19+02:00"/><publisher value="HL7 Switzerland"/><contact><name value="HL7 Switzerland"/><telecom><system value="url"/><value value="https://www.hl7.ch/"/></telecom></contact><description value="The entry conflict codesystem"/><jurisdiction><coding><system value="urn:iso:std:iso:3166"/><code value="CHE"/></coding></jurisdiction><copyright value="CC0-1.0"/><caseSensitive value="true"/><content value="complete"/><count value="1"/><concept><code value="duplicate"/><display value="duplicate"/><designation><language value="de-CH"/><value value="Duplikat"/></designation><designation><language value="fr-CH"/><value value="doublon"/></designation><designation><language value="it-CH"/><value value="duplicare"/></designation><designation><language value="rm-CH"/><value value="duplicat"/></designation><designation><language value="en-US"/><value value="duplicate"/></designation></concept></CodeSystem>