<?xml version="1.0" encoding="UTF-8"?><ValueSet xmlns="http://hl7.org/fhir"><id value="ch-vacd-risks-occupation-vs"/><text><status value="generated"/><div xmlns="http://www.w3.org/1999/xhtml"><p class="res-header-id"><b>Generated Narrative: ValueSet ch-vacd-risks-occupation-vs</b></p><a name="ch-vacd-risks-occupation-vs"> </a><a name="hcch-vacd-risks-occupation-vs"> </a><a name="ch-vacd-risks-occupation-vs-en-US"> </a><p>This value set includes codes based on the following rules:</p><ul><li>Include these codes as defined in <a href="http://www.snomed.org/"><code>http://snomed.info/sct</code></a><table class="none"><tr><td style="white-space:nowrap"><b>Code</b></td><td><b>Display</b></td></tr><tr><td><a href="http://snomed.info/id/373068000">373068000</a></td><td>Undetermined (qualifier value)</td></tr><tr><td><a href="http://snomed.info/id/61246008">61246008</a></td><td>Laboratory medicine specialist (occupation)</td></tr><tr><td><a href="http://snomed.info/id/159653008">159653008</a></td><td>Trainee - armed forces (occupation)</td></tr><tr><td><a href="http://snomed.info/id/160157004">160157004</a></td><td>Sewerman (occupation)</td></tr><tr><td><a href="http://snomed.info/id/265940000">265940000</a></td><td>Animal health occupation (occupation)</td></tr><tr><td><a href="http://snomed.info/id/1186914001">1186914001</a></td><td>Intellectual disability nurse (occupation)</td></tr><tr><td><a href="http://snomed.info/id/223366009">223366009</a></td><td>Healthcare professional (occupation)</td></tr></table></li><li>Include these codes as defined in <a href="CodeSystem-ch-vacd-exposure-risks-cs.html"><code>http://fhir.ch/ig/ch-vacd/CodeSystem/ch-vacd-exposure-risks-cs</code></a><table class="none"><tr><td style="white-space:nowrap"><b>Code</b></td><td><b>Display</b></td></tr><tr><td><a href="CodeSystem-ch-vacd-exposure-risks-cs.html#ch-vacd-exposure-risks-cs-100002">100002</a></td><td>Social workers, prison staff, police with frequent contact with drug users</td></tr></table></li></ul><p><b>Additional Language Displays</b></p><table class="codes"><tr><td><b>Code</b></td><td><b>Deutsch (Schweiz) (German (Switzerland), de)</b></td><td><b>English (United States) (English (United States), en)</b></td><td><b>French (Switzerland) (fr)</b></td><td><b>Italian (Switzerland) (it)</b></td><td><b>rm</b></td></tr><tr><td>373068000</td><td>Nicht bekannt</td><td>Undetermined (qualifier value)</td><td>Indéterminé</td><td>Indeterminato</td><td>Nunenconuschent</td></tr><tr><td>61246008</td><td>Spezialist / Spezialistin für Labormedizin</td><td>Laboratory medicine specialist (occupation)</td><td>spécialiste en médecine de laboratoire</td><td>specialista in medicina di laboratorio</td><td>spezialista u spezialist per medischina da labor</td></tr><tr><td>159653008</td><td>Rekrut / Rekrutin</td><td>Trainee - armed forces (occupation)</td><td>recrue</td><td>recluta</td><td>recruta u recrut</td></tr><tr><td>160157004</td><td>Kanalisationsarbeiter / Kanalisationsarbeiterin</td><td>Sewerman (occupation)</td><td>agent d'entretien des canalisations</td><td>persona addetta alla manutenzione delle fognature</td><td>lavuranta u lavurant da chanalisaziun</td></tr><tr><td>265940000</td><td>Beschäftigt im Veterinärwesen</td><td>Animal health occupation (occupation)</td><td>profession en santé animale</td><td>professione in ambito veterinario</td><td>occupada u occupà en ils fatgs veterinars</td></tr><tr><td>1186914001</td><td>Betreuungsperson von geistig Behinderten</td><td>Intellectual disability nurse (occupation)</td><td>auxiliaire de vie de personnes vivant avec un handicap mental</td><td>persona che assiste disabili mentali</td><td>persuna che assitsa persunas cun impediments spiertals</td></tr><tr><td>223366009</td><td>Gesundheitsfachperson</td><td>Healthcare professional (occupation)</td><td>professionnel de la santé</td><td>professionista della salute</td><td>persuna spezialisada dal sectur da sanadad</td></tr><tr><td>100002</td><td>Sozialarbeiter, Gefängnispersonal, Polizei mit häufigem Kontakt zu Drogenkonsumenten</td><td>Social workers, prison staff, police with frequent contact with drug users</td><td>Travailleurs sociaux, personnel des prisons et de la police en contact fréquent avec des consommateurs de drogues</td><td>Social workers, prison staff, police with frequent contact with drug users</td><td>Social workers, prison staff, police with frequent contact with drug users</td></tr></table></div></text><url value="http://fhir.ch/ig/ch-vacd/ValueSet/ch-vacd-risks-occupation-vs"/><version value="6.0.0-ballot-ci-build"/><name value="SwissOccupationRisksForImmunizations"/><title value="Swiss Occupation Risks For Immunizations"/><status value="active"/><experimental value="false"/><date value="2025-05-07T07:26:19+02:00"/><publisher value="HL7 Switzerland"/><contact><name value="HL7 Switzerland"/><telecom><system value="url"/><value value="https://www.hl7.ch/"/></telecom></contact><description value="The occupation exposition risks used in Switzerland."/><jurisdiction><coding><system value="urn:iso:std:iso:3166"/><code value="CHE"/></coding></jurisdiction><copyright value="CC0-1.0"/><compose><include><system value="http://snomed.info/sct"/><concept><code value="373068000"/><display value="Undetermined (qualifier value)"/><designation><language value="de-CH"/><value value="Nicht bekannt"/></designation><designation><language value="fr-CH"/><value value="Indéterminé"/></designation><designation><language value="it-CH"/><value value="Indeterminato"/></designation><designation><language value="rm-CH"/><value value="Nunenconuschent"/></designation><designation><language value="en-US"/><value value="Undetermined (qualifier value)"/></designation></concept><concept><code value="61246008"/><display value="Laboratory medicine specialist (occupation)"/><designation><language value="de-CH"/><value value="Spezialist / Spezialistin für Labormedizin"/></designation><designation><language value="fr-CH"/><value value="spécialiste en médecine de laboratoire"/></designation><designation><language value="it-CH"/><value value="specialista in medicina di laboratorio"/></designation><designation><language value="rm-CH"/><value value="spezialista u spezialist per medischina da labor"/></designation><designation><language value="en-US"/><value value="Laboratory medicine specialist (occupation)"/></designation></concept><concept><code value="159653008"/><display value="Trainee - armed forces (occupation)"/><designation><language value="de-CH"/><value value="Rekrut / Rekrutin"/></designation><designation><language value="fr-CH"/><value value="recrue"/></designation><designation><language value="it-CH"/><value value="recluta"/></designation><designation><language value="rm-CH"/><value value="recruta u recrut"/></designation><designation><language value="en-US"/><value value="Trainee - armed forces (occupation)"/></designation></concept><concept><code value="160157004"/><display value="Sewerman (occupation)"/><designation><language value="de-CH"/><value value="Kanalisationsarbeiter / Kanalisationsarbeiterin"/></designation><designation><language value="fr-CH"/><value value="agent d'entretien des canalisations"/></designation><designation><language value="it-CH"/><value value="persona addetta alla manutenzione delle fognature"/></designation><designation><language value="rm-CH"/><value value="lavuranta u lavurant da chanalisaziun"/></designation><designation><language value="en-US"/><value value="Sewerman (occupation)"/></designation></concept><concept><code value="265940000"/><display value="Animal health occupation (occupation)"/><designation><language value="de-CH"/><value value="Beschäftigt im Veterinärwesen"/></designation><designation><language value="fr-CH"/><value value="profession en santé animale"/></designation><designation><language value="it-CH"/><value value="professione in ambito veterinario"/></designation><designation><language value="rm-CH"/><value value="occupada u occupà en ils fatgs veterinars"/></designation><designation><language value="en-US"/><value value="Animal health occupation (occupation)"/></designation></concept><concept><code value="1186914001"/><display value="Intellectual disability nurse (occupation)"/><designation><language value="de-CH"/><value value="Betreuungsperson von geistig Behinderten"/></designation><designation><language value="fr-CH"/><value value="auxiliaire de vie de personnes vivant avec un handicap mental"/></designation><designation><language value="it-CH"/><value value="persona che assiste disabili mentali"/></designation><designation><language value="rm-CH"/><value value="persuna che assitsa persunas cun impediments spiertals"/></designation><designation><language value="en-US"/><value value="Intellectual disability nurse (occupation)"/></designation></concept><concept><code value="223366009"/><display value="Healthcare professional (occupation)"/><designation><language value="de-CH"/><value value="Gesundheitsfachperson"/></designation><designation><language value="fr-CH"/><value value="professionnel de la santé"/></designation><designation><language value="it-CH"/><value value="professionista della salute"/></designation><designation><language value="rm-CH"/><value value="persuna spezialisada dal sectur da sanadad"/></designation><designation><language value="en-US"/><value value="Healthcare professional (occupation)"/></designation></concept></include><include><system value="http://fhir.ch/ig/ch-vacd/CodeSystem/ch-vacd-exposure-risks-cs"/><concept><code value="100002"/><display value="Social workers, prison staff, police with frequent contact with drug users"/><designation><language value="de-CH"/><value value="Sozialarbeiter, Gefängnispersonal, Polizei mit häufigem Kontakt zu Drogenkonsumenten"/></designation><designation><language value="fr-CH"/><value value="Travailleurs sociaux, personnel des prisons et de la police en contact fréquent avec des consommateurs de drogues"/></designation><designation><language value="it-CH"/><value value="Social workers, prison staff, police with frequent contact with drug users"/></designation><designation><language value="rm-CH"/><value value="Social workers, prison staff, police with frequent contact with drug users"/></designation><designation><language value="en-US"/><value value="Social workers, prison staff, police with frequent contact with drug users"/></designation></concept></include></compose></ValueSet>