<?xml version="1.0" encoding="UTF-8"?><ValueSet xmlns="http://hl7.org/fhir"><id value="ch-vacd-verification-status-vs"/><text><status value="generated"/><div xmlns="http://www.w3.org/1999/xhtml"><p class="res-header-id"><b>Generated Narrative: ValueSet ch-vacd-verification-status-vs</b></p><a name="ch-vacd-verification-status-vs"> </a><a name="hcch-vacd-verification-status-vs"> </a><a name="ch-vacd-verification-status-vs-en-US"> </a><ul><li>Include these codes as defined in <a href="http://www.snomed.org/"><code>http://snomed.info/sct</code></a><table class="none"><tr><td style="white-space:nowrap"><b>Code</b></td><td><b>Display</b></td></tr><tr><td><a href="http://snomed.info/id/59156000">59156000</a></td><td>Confirmed by (contextual qualifier) (qualifier value)</td></tr><tr><td><a href="http://snomed.info/id/76104008">76104008</a></td><td>Not confirmed by (contextual qualifier) (qualifier value)</td></tr></table></li></ul><p><b>Additional Language Displays</b></p><table class="codes"><tr><td><b>Code</b></td><td><b>Deutsch (Schweiz) (German (Switzerland), de)</b></td><td><b>English (United States) (English (United States), en)</b></td><td><b>French (Switzerland) (fr)</b></td><td><b>Italian (Switzerland) (it)</b></td><td><b>rm</b></td></tr><tr><td>59156000</td><td>Bestätigt</td><td>Confirmed</td><td>confirmé</td><td>confermato</td><td>Bestätigt</td></tr><tr><td>76104008</td><td>Nicht Bestätigt</td><td>Not confirmed</td><td>non confirmé</td><td>Non confermato</td><td>Nicht Bestätigt</td></tr></table></div></text><url value="http://fhir.ch/ig/ch-vacd/ValueSet/ch-vacd-verification-status-vs"/><version value="6.0.0-ballot-ci-build"/><name value="CHVACDVerificationStatusVS"/><title value="Verification Status Codes"/><status value="active"/><experimental value="false"/><date value="2025-05-07T07:26:19+02:00"/><publisher value="HL7 Switzerland"/><contact><name value="HL7 Switzerland"/><telecom><system value="url"/><value value="https://www.hl7.ch/"/></telecom></contact><description value="Definition the verification status codes for the extension ch-vacd-ext-verification-status."/><jurisdiction><coding><system value="urn:iso:std:iso:3166"/><code value="CHE"/></coding></jurisdiction><copyright value="CC0-1.0"/><compose><include><system value="http://snomed.info/sct"/><concept><code value="59156000"/><display value="Confirmed by (contextual qualifier) (qualifier value)"/><designation><language value="de-CH"/><value value="Bestätigt"/></designation><designation><language value="fr-CH"/><value value="confirmé"/></designation><designation><language value="it-CH"/><value value="confermato"/></designation><designation><language value="rm-CH"/><value value="Bestätigt"/></designation><designation><language value="en-US"/><value value="Confirmed"/></designation></concept><concept><code value="76104008"/><display value="Not confirmed by (contextual qualifier) (qualifier value)"/><designation><language value="de-CH"/><value value="Nicht Bestätigt"/></designation><designation><language value="fr-CH"/><value value="non confirmé"/></designation><designation><language value="it-CH"/><value value="Non confermato"/></designation><designation><language value="rm-CH"/><value value="Nicht Bestätigt"/></designation><designation><language value="en-US"/><value value="Not confirmed"/></designation></concept></include></compose></ValueSet>