<?xml version="1.0" encoding="UTF-8"?><ValueSet xmlns="http://hl7.org/fhir"><id value="ch-vacd-risks-vs"/><text><status value="generated"/><div xmlns="http://www.w3.org/1999/xhtml"><p class="res-header-id"><b>Generated Narrative: ValueSet ch-vacd-risks-vs</b></p><a name="ch-vacd-risks-vs"> </a><a name="hcch-vacd-risks-vs"> </a><a name="ch-vacd-risks-vs-en-US"> </a><p>This value set includes codes based on the following rules:</p><ul><li>Import all the codes that are contained in <a href="ValueSet-ch-vacd-risks-medical-vs.html">Swiss Medical Risks For Immunizations</a></li><li>Import all the codes that are contained in <a href="ValueSet-ch-vacd-risks-social-vs.html">Swiss Social Risks For Immunizations</a></li><li>Import all the codes that are contained in <a href="ValueSet-ch-vacd-risks-occupation-vs.html">Swiss Occupation Risks For Immunizations</a></li><li>Import all the codes that are contained in <a href="ValueSet-ch-vacd-risks-preillness-vs.html">Swiss Preillness Risks For Immunizations</a></li></ul></div></text><url value="http://fhir.ch/ig/ch-vacd/ValueSet/ch-vacd-risks-vs"/><version value="6.0.0-ballot-ci-build"/><name value="SwissRisksForImmunizations"/><title value="Swiss Risks For Immunizations"/><status value="active"/><experimental value="false"/><date value="2025-05-07T07:26:19+02:00"/><publisher value="HL7 Switzerland"/><contact><name value="HL7 Switzerland"/><telecom><system value="url"/><value value="https://www.hl7.ch/"/></telecom></contact><description value="The medical and exposition risks used in Switzerland."/><jurisdiction><coding><system value="urn:iso:std:iso:3166"/><code value="CHE"/></coding></jurisdiction><copyright value="CC0-1.0"/><compose><include><valueSet value="http://fhir.ch/ig/ch-vacd/ValueSet/ch-vacd-risks-medical-vs"/></include><include><valueSet value="http://fhir.ch/ig/ch-vacd/ValueSet/ch-vacd-risks-social-vs"/></include><include><valueSet value="http://fhir.ch/ig/ch-vacd/ValueSet/ch-vacd-risks-occupation-vs"/></include><include><valueSet value="http://fhir.ch/ig/ch-vacd/ValueSet/ch-vacd-risks-preillness-vs"/></include></compose></ValueSet>