<?xml version="1.0" encoding="UTF-8"?><CodeSystem xmlns="http://hl7.org/fhir"><id value="PatrickCS"/><text><status value="generated"/><div xmlns="http://www.w3.org/1999/xhtml"><p class="res-header-id"><b>Generated Narrative: CodeSystem PatrickCS</b></p><a name="PatrickCS"> </a><a name="hcPatrickCS"> </a><a name="PatrickCS-en-US"> </a><p>This  code system <code>http://example.org/CodeSystem/PatrickCS</code> defines the following codes:</p><table class="codes"><tr><td style="white-space:nowrap"><b>Code</b></td><td><b>Display</b></td></tr><tr><td style="white-space:nowrap">1<a name="PatrickCS-1"> </a></td><td>Code1</td></tr><tr><td style="white-space:nowrap">2<a name="PatrickCS-2"> </a></td><td>Code2</td></tr><tr><td style="white-space:nowrap">3<a name="PatrickCS-3"> </a></td><td>Code3</td></tr><tr><td style="white-space:nowrap">4<a name="PatrickCS-4"> </a></td><td>Code4</td></tr></table></div></text><url value="http://example.org/CodeSystem/PatrickCS"/><version value="0.1.0"/><name value="PatrickCS"/><title value="PatrickCS"/><status value="draft"/><date value="2025-04-11T08:08:48+02:00"/><publisher value="Example Publisher"/><contact><name value="Example Publisher"/><telecom><system value="url"/><value value="http://example.org/example-publisher"/></telecom></contact><description value="Patricks Codesystem"/><content value="complete"/><count value="4"/><concept><code value="1"/><display value="Code1"/></concept><concept><code value="2"/><display value="Code2"/></concept><concept><code value="3"/><display value="Code3"/></concept><concept><code value="4"/><display value="Code4"/></concept></CodeSystem>