<?xml version="1.0" encoding="UTF-8"?><ValueSet xmlns="http://hl7.org/fhir"><id value="ConditionCertaintyVS"/><text><status value="generated"/><div xmlns="http://www.w3.org/1999/xhtml"><p class="res-header-id"><b>Generated Narrative: ValueSet ConditionCertaintyVS</b></p><a name="ConditionCertaintyVS"> </a><a name="hcConditionCertaintyVS"> </a><a name="ConditionCertaintyVS-en-US"> </a><ul><li>Include these codes as defined in <a href="http://www.snomed.org/"><code>http://snomed.info/sct</code></a><table class="none"><tr><td style="white-space:nowrap"><b>Code</b></td><td><b>Display</b></td></tr><tr><td><a href="http://snomed.info/id/415684004">415684004</a></td><td>Supspected (qualifier vlaue)</td></tr><tr><td><a href="http://snomed.info/id/410592001">410592001</a></td><td>Probably present (qualifier value)</td></tr><tr><td><a href="http://snomed.info/id/410605003">410605003</a></td><td>Confirmed present (qualifier value)</td></tr></table></li></ul></div></text><url value="http://example.org/ValueSet/ConditionCertaintyVS"/><version value="0.1.0"/><name value="ConditionCertaintyVS"/><title value="ConditionCertaintyVS"/><status value="draft"/><date value="2025-04-11T08:08:48+02:00"/><publisher value="Example Publisher"/><contact><name value="Example Publisher"/><telecom><system value="url"/><value value="http://example.org/example-publisher"/></telecom></contact><description value="Degree of confidence the condition is present"/><compose><include><system value="http://snomed.info/sct"/><concept><code value="415684004"/><display value="Supspected (qualifier vlaue)"/></concept><concept><code value="410592001"/><display value="Probably present (qualifier value)"/></concept><concept><code value="410605003"/><display value="Confirmed present (qualifier value)"/></concept></include></compose></ValueSet>