{"resourceType":"ValueSet","id":"ch-vacd-verification-status-vs","text":{"status":"generated","div":"<div xmlns=\"http://www.w3.org/1999/xhtml\"><p class=\"res-header-id\"><b>Generated Narrative: ValueSet ch-vacd-verification-status-vs</b></p><a name=\"ch-vacd-verification-status-vs\"> </a><a name=\"hcch-vacd-verification-status-vs\"> </a><a name=\"ch-vacd-verification-status-vs-en-US\"> </a><ul><li>Include these codes as defined in <a href=\"http://www.snomed.org/\"><code>http://snomed.info/sct</code></a><table class=\"none\"><tr><td style=\"white-space:nowrap\"><b>Code</b></td><td><b>Display</b></td></tr><tr><td><a href=\"http://snomed.info/id/59156000\">59156000</a></td><td>Confirmed by (contextual qualifier) (qualifier value)</td></tr><tr><td><a href=\"http://snomed.info/id/76104008\">76104008</a></td><td>Not confirmed by (contextual qualifier) (qualifier value)</td></tr></table></li></ul><p><b>Additional Language Displays</b></p><table class=\"codes\"><tr><td><b>Code</b></td><td><b>Deutsch (Schweiz) (German (Switzerland), de)</b></td><td><b>English (United States) (English (United States), en)</b></td><td><b>French (Switzerland) (fr)</b></td><td><b>Italian (Switzerland) (it)</b></td><td><b>rm</b></td></tr><tr><td>59156000</td><td>Bestätigt</td><td>Confirmed</td><td>confirmé</td><td>confermato</td><td>Bestätigt</td></tr><tr><td>76104008</td><td>Nicht Bestätigt</td><td>Not confirmed</td><td>non confirmé</td><td>Non confermato</td><td>Nicht Bestätigt</td></tr></table></div>"},"url":"http://fhir.ch/ig/ch-vacd/ValueSet/ch-vacd-verification-status-vs","version":"6.0.0-ballot-ci-build","name":"CHVACDVerificationStatusVS","title":"Verification Status Codes","status":"active","experimental":false,"date":"2025-05-07T07:26:19+02:00","publisher":"HL7 Switzerland","contact":[{"name":"HL7 Switzerland","telecom":[{"system":"url","value":"https://www.hl7.ch/"}]}],"description":"Definition the verification status codes for the extension ch-vacd-ext-verification-status.","jurisdiction":[{"coding":[{"system":"urn:iso:std:iso:3166","code":"CHE"}]}],"copyright":"CC0-1.0","compose":{"include":[{"system":"http://snomed.info/sct","concept":[{"code":"59156000","display":"Confirmed by (contextual qualifier) (qualifier value)","designation":[{"language":"de-CH","value":"Bestätigt"},{"language":"fr-CH","value":"confirmé"},{"language":"it-CH","value":"confermato"},{"language":"rm-CH","value":"Bestätigt"},{"language":"en-US","value":"Confirmed"}]},{"code":"76104008","display":"Not confirmed by (contextual qualifier) (qualifier value)","designation":[{"language":"de-CH","value":"Nicht Bestätigt"},{"language":"fr-CH","value":"non confirmé"},{"language":"it-CH","value":"Non confermato"},{"language":"rm-CH","value":"Nicht Bestätigt"},{"language":"en-US","value":"Not confirmed"}]}]}]}}